Parsing riak-users_lists.basho.com.mbox...
Your process_limit_num is set to 10000000000.
It looks like you're in testing mode.
You may want to increase it to some absurd number to parse the whole file.
-----------------------------------------------------------------------------
| Total messages: 16694 from 1874 distinct authors |
-----------------------------------------------------------------------------
"james@populi.co" <james@populi.co>
1
JunHo SEO <kawadakr@gmail.com>
1
YouBarco <barcojie@hotmail.com>
1
Abhay Kumar <abhay@opensynapse.net>
1
Nobuhiro Iwamatsu <iwamatsu@debian.org>
1
"jay.s.doane" <jay.s.doane@gmail.com>
1
Miroslav Urbanek <mu@miroslavurbanek.com>
1
Michael Martin <mmartin4242@gmail.com>
1
Babu Sunil <ssb491989@gmail.com>
1
Fred Dushin <fdushin@basho.com>
1
etnt <etnt@redhoterlang.com>
1
ROMAN SHESTAKOV <romanshestakov@yahoo.co.uk>
1
Greg <gregory.haskins@gmail.com>
1
Jay Doane <jay@almery.com>
1
etnt <kruskakli@gmail.com>
1
Canine Chronicles <thedogatemycode@gmail.com>
1
Ed <edgarmveiga@gmail.com>
1
Max Ivanov <ivanov.maxim@gmail.com>
1
Todd Nagy <tnagy@copiamobile.com>
1
Florian Leibert <flo@leibert.de>
1
praveenkumar bhadrapur <praveenkumar.bhadrapur@gmail.com>
1
Matthew Brender <mbrender@basho.com>
1
"改变自己" <1287567042@qq.com>
1
German Blejman <gblejman@gmail.com>
1
Danny Lau <dlau@basho.com>
1
Roma Lakotko <roman@lakotko.ru>
1
Annette Bieniusa <bieniusa@cs.uni-kl.de>
1
Ildar alishev <ildaralishev@gmail.com>
1
Pavlo Baron <pbit.org@googlemail.com>
1
christian krupa <ich@christian-krupa.de>
1
scott w <scottblanc@gmail.com>
1
Konrad Sosnowski <sosnowski.konrad@googlemail.com>
1
Hiren Shah <shah.hiren.t@gmail.com>
1
Viktor Klang <viktor.klang@gmail.com>
1
Kevin Hill <virtual.khill@gmail.com>
1
"Андрей Хомяков" <ahomyakov@2reallife.com>
1
Ian Wilkinson <ianw1@mac.com>
1
Jorge Espada <espada.jorge@gmail.com>
1
Manuel Gomez <manuel@inaka.net>
1
Brad Pinter <brad.pinter@cdw.com>
1
Ephraim Mower <ephraimmower@gmail.com>
1
Harish Mallipeddi <harish.mallipeddi@gmail.com>
1
Christiano Anderson <christiano.anderson@gmail.com>
1
"Göran Krampe" <goran@krampe.se>
1
Andy Pellett <andy@embed.ly>
1
Nghiep Thoi Minh <nghieptm@hdviet.com>
1
Terry Leach <terry.leach@gmail.com>
1
hankin <niknah@gmail.com>
1
Marc Heiligers <marc.heiligers@gmail.com>
1
Hisham Ismail <mhishami@gmail.com>
1
"Juan Luis Francés" <jl.frances.j@conekia.es>
1
Nam Nguyen <nam@brooklynpacket.com>
1
Kelvin Jarrett <laff2deth@yahoo.com>
1
Steve Garon <steve.garon@gmail.com>
1
Garrido <zgbjgg@gmail.com>
1
Kyle Patterson <kyle.patterson@sqor.com>
1
Jeffrey Peck <chaimpeck@gmail.com>
1
Alexander Laslavic <alex.laslavic@turner.com>
1
gibraltar <nurzeynep15@gmail.com>
1
Alexander Mikhalev <a.mikhalev@shopitize.com>
1
Weston Jossey <weston.jossey@tapjoy.com>
1
Dominic Williams <mail@dominicwilliams.net>
1
benoit ciceron <bciceron@hotmail.com>
1
Henning Diedrich <hd2010@eonblast.com>
1
Jacob Chapel <jacob.chapel@gmail.com>
1
Zheng Zhu <ZZhu@the41st.com>
1
steele xu <steele_xu@yahoo.com.cn>
1
Matthew Curry <mjcurry@gmail.com>
1
Ayush Mishra <ayush@knoldus.com>
1
sinh nguyen <sinkng@gmail.com>
1
Shanley Kane <shanley@basho.com>
1
Dinesh Rajpoot <dinesh.rajpoot@gmail.com>
1
Ransom Richardson <ransomr@cocomo.com>
1
kushagra singh <singh.kushagra93@gmail.com>
1
Lukas Welte <lukas.welte@aventris.com>
1
Seth Benton <sbenton@contractor.basho.com>
1
James Proud <james.proud@gmail.com>
1
John Kline <jkline@riotgames.com>
1
Steve Edwards <steve@edmodo.com>
1
Ali Nikkhah <Ali.Nikkhah@datasphere.com>
1
Soulrice <soulrice@yandex.ru>
1
Travis Turner <travis@umbel.com>
1
Dustin Whitney <dustin.whitney@gmail.com>
1
Sheraz Ahmed <sheryy@gmail.com>
1
Arne Claassen <arne+riak@claassen.net>
1
Berend Ozceri <berend@eye.fi>
1
Ricardo Mayerhofer <ricardo.ekm@gmail.com>
1
Damien Krotkine <damien@krotkine.com>
1
Amit Ambardekar <amitamb@gmail.com>
1
Robert O'Brien <rsobrien@gmail.com>
1
"Stephen C. Gilardi" <scgilardi@gmail.com>
1
Sebastian Schmidt <sebi@sebisworld.com>
1
Mihai Balea <mihai@hates.ms>
1
Brad Corson <nucleardragoninc@gmail.com>
1
LKolin <LKolin@weather.com>
1
"ricardo.ekm" <ricardo.ekm@gmail.com>
1
Shekhar Vemuri <shekharv@gmail.com>
1
Patrice Bruno <patrice.bruno@kuantic.com>
1
Berend Ozceri <berend@eyefi.com>
1
Alex Leverington <nessence@gmail.com>
1
"viraj.gupte" <viraj.gupte@credorax.com>
1
Reverend Chip <rev.chip@gmail.com>
1
Alex Berghage <aberghage@gmail.com>
1
Lauren Clarke <lauren@cornerstonenw.com>
1
Peta Bogdan <bog495@gmail.com>
1
Viraj Gupte <viraj.gupte@credorax.com>
1
"Michael J. I. Jackson" <mjijackson@gmail.com>
1
"Paweł Peregud" <paulperegud@gmail.com>
1
Ric_Neves <ricfrneves@hotmail.com>
1
Nancy Smith <nancy.smith@tecinfogalaxy.com>
1
Michael Montano <michael.a.montano@gmail.com>
1
Alleksander <kochkurov@gmail.com>
1
Alex Berghage <aberghage@basho.com>
1
Florian Odronitz <fo@twofloats.com>
1
David Sabeti <dsabeti@pivotal.io>
1
adam@forcecontent.com
1
Dave Greenstein <dave@kibits.com>
1
Daniel Simms <daniel.simms@gmail.com>
1
Victor Martinez <vicmargar@gmail.com>
1
cvalue@yandex.by
1
"Younès HAFRI - Aleph Archives Ltd." <younes.hafri@aleph-archives.com>
1
Vladimir Osintsev <osintsev@gmail.com>
1
Shane McEwan <shane@actual-experience.com>
1
Ruslan Bukin <br@bsdpad.com>
1
Damian Murphy <damian@murf.org>
1
Gabriel Horner <gabriel.horner@gmail.com>
1
Paul Cager <lists@paulcager.org>
1
Erik Onnen <erik@onnen.us>
1
Peter Coppola <pcoppola@basho.com>
1
John-Paul Bader <john-paul.bader@wooga.net>
1
"Dominik Magoń" <dominik@magon.pl>
1
Jim Roepcke <jim@selfserveapps.com>
1
"Fenglin 凤麟" <fenglinlfl@gmail.com>
1
Gabriel Ciuloaica <gciuloaica@gmail.com>
1
Jiansen He <jiansenhe@gmail.com>
1
Roberto Oliveira Santos <robertosimepar@gmail.com>
1
Mik Quinlan <mik.quinlan@gmail.com>
1
Sergei Tulentsev <sergei.tulentsev@gmail.com>
1
Zack Schlag <zack@basho.com>
1
"Aníbal Rojas" <anibal@rojas.com.ve>
1
Alfonso Hooker <alfonso@sqor.com>
1
Sofiane Laouini <sofiane.laouini@gmail.com>
1
Mark Reynolds <beastie@mm.st>
1
Fabio Sato <satosimepar@gmail.com>
1
Fabio Sato <sato@simepar.br>
1
Naveen Tamanam <naveen@lintelindia.com>
1
Matthew MacClary <macclary@gmail.com>
1
7zark7 <7zark7@gmail.com>
1
chriz newbie <chriznewbie@gmail.com>
1
David Lopes <david.anlopes@gmail.com>
1
Colin <colin.dmz@gmail.com>
1
"sangeetha.subramanian@gtnexus.com" <sangeetha.subramanian@gtnexus.com>
1
Laurens Van Houtven <lvh@laurensvh.be>
1
Alexander Zhuravlev <zaa@js-kit.com>
1
Paul Armstrong <psa@otoh.org>
1
cesarstafe <cesare.diaz@gmail.com>
1
zsolt.laky@lamardan.com
1
"Moore, Jonathan" <Jonathan_Moore@Comcast.com>
1
andresgomez92 <andresgomez92@gmail.com>
1
Jerome Renard <jerome.renard@gmail.com>
1
Gary Thomas <7zark7@gmail.com>
1
ferriswheel <ferriswheel@jetechserv.com>
1
news <news_announce@qq.com>
1
Steve Song <songs@maplekeycompany.com>
1
Sebastian Cohnen <sebastiancohnen@googlemail.com>
1
Andrew Murray <andrewlmurray@gmail.com>
1
Catherine Jung <catherine.jung@gmail.com>
1
Jay <jay@myster.io>
1
skydelta98 <skydelta98@gmail.com>
1
Sarang Deshpande <sarang@Shopzilla.com>
1
Matthew Heitzenroder <matt@appush.com>
1
agrytsenko <alexander.grytsenko@dev-pro.net>
1
Andrew Grieser <andrew@awe.sm>
1
Alex Turkin <snowwlex@gmail.com>
1
Dave Smith <dave.smith.to@gmail.com>
1
Daniel Reverri <reverri@gmail.com>
1
Ryan Lazuka <lazukars@gmail.com>
1
Rachana Shroff <rshroff@tibco.com>
1
balasundaram karthikeyan <balabtech@hotmail.com>
1
Sergei Smirnov <swwwfactory@gmail.com>
1
Garrett Smith <g@rre.tt>
1
Mike M <saetaes@gmail.com>
1
Barry Ezell <barrye@gmail.com>
1
Marcel Meyer <marcel.meyer@gmail.com>
1
Shayan Pooya <shayan@liveve.org>
1
wyu <joyinrain@yahoo.com>
1
raman@united-partners.co.in
1
arthur ingram <k90201@me.com>
1
Randall Leeds <randall.leeds@gmail.com>
1
onlydecentme.celi@katamail.com
1
"Jim R. Wilson" <wilson.jim.r@gmail.com>
1
Isaac Johnston <isaac.johnston@joukou.co>
1
Jimmy Thrasher <jimmy@groopdinc.com>
1
Vitaly Martynenko <vitalka@vv.net.ua>
1
gopi <gopikrishnajonnada@gmail.com>
1
"Andrew J. Stone" <astone@basho.com>
1
Tim Pedersen <Tim.Pedersen@police.tas.gov.au>
1
Germain <germain.maurice@erralt.info>
1
Web Developer <developer2024@gmail.com>
1
Lewis John Mcgibbney <lewis.mcgibbney@gmail.com>
1
Dave Benson <daveb@ffem.org>
1
Johnny Tan <linuxweb@gmail.com>
1
Jie Lu <lukuilian@gmail.com>
1
Arsenio Santos <arsenio@cir.ca>
1
Senthilkumar Peelikkampatti <senthil.peelikkampatti@gmail.com>
1
Basho <kelly@basho.com>
1
Ukyo Virgden <ukyovirgden@gmail.com>
1
Daniel Iwan GM <iwan.daniel@gmail.com>
1
Lena Wiese <Lena_Wiese@gmx.de>
1
Brendan Callahan <brendan@idibon.com>
1
Igor Kukushkin <igor@pbne.mygbiz.com>
1
Matteo Redaelli <matteo.redaelli@gmail.com>
1
Samuel MORELLO <samuel.morello@ouvanous.com>
1
Izhar Ravid <Izhar@perion.com>
1
zhengwei <zw1112001@gmail.com>
1
Jim Pick <jim@jimpick.com>
1
Marek Zawirski <marek.zawirski@gmail.com>
1
"Емил Иванов / Emil Ivanov" <emil.vladev@gmail.com>
1
Tom Davies <atomgiant@gmail.com>
1
Andrey Anpilogov <anpilog@gmail.com>
1
Simon Cusack <simon.cusack@gmail.com>
1
matthew rathbone <matthew@dropio.com>
1
James Hardy <jcdhardy645@gmail.com>
1
ten <ten.nsk@gmail.com>
1
Simon Rozet <simon@rozet.name>
1
Daniel Leger <dleger.mobile@gmail.com>
1
Ian Clarke <ian.clarke@gmail.com>
1
Sam R <sam@rmg.io>
1
Abhishek Kumar <abhishek@talk.to>
1
Sami Samhuri <sami.samhuri@gmail.com>
1
Ersin Er <ersin.er@gmail.com>
1
Mahesh <maheshwar99@yahoo.com>
1
Marton Kodok <pentium10@gmail.com>
1
David Jacobs <citeon@gmail.com>
1
Allen Chen <jinlong.chen@autodesk.com>
1
Jeremy Dunck <jdunck@gmail.com>
1
amir ghaffari <ami.ghaffari@gmail.com>
1
"Miguel Ángel Flores" <miguel.angel.flores@csuc.cat>
1
"韩业航" <yehanghan@gmail.com>
1
David McNicholl <david.mcnicholl@migcan.com>
1
Christopher Villalobos <chrisv@therockonline.org>
1
Scott Gonyea <me@sgonyea.com>
1
David Sky <contact@davidsky.com>
1
John Pederzolli <jpederzolli@parchment.com>
1
golsombe@gmail.com
1
Jonathan Tsai <akajontsai-devel@yahoo.com>
1
Abhishek Kumar <abhishek.k.work@gmail.com>
1
Antonio Toma <antonio.toma@gmail.com>
1
Glory Lo <gloryl604@gmail.com>
1
Michael Hergenrader <mhergenrader@comcast.net>
1
Ramesh-Ecare <ramesh@ecaretechlabs.com>
1
"Yves S. Garret" <yoursurrogategod@gmail.com>
1
"Anton A. Sinelnikov" <antal@addit.ru>
1
Mark Anderson <mark@opscode.com>
1
Gideon de Kok <gideondk@gmail.com>
1
Sam Rudge <samarudge@gmail.com>
1
jose <josloe@gmail.com>
1
Sai.SagarJ@cognizant.com
1
Siyamak Edalatkhah <edalatkhahs@yahoo.com>
1
Gregory de Souza <gdesouza@gmail.com>
1
Marek Zawirski <marek.zawirski@lip6.fr>
1
Chris Herring <chris.herring.iphone@gmail.com>
1
Mike Milner <milner@blissisland.ca>
1
Shawn Parrish <sparrish@nodeping.com>
1
harish vadali <harishvadali@gmail.com>
1
Jonathan Moore <jonathan@slando.com>
1
bufer <bufer1@yahoo.com>
1
Engel Sanchez <engel.sanchez@gmail.com>
1
"russell.brown" <russell.brown@mac.com>
1
Jonathan Gividen <jgividen@facilityone.com>
1
Jakob Sievers <jakob@klarna.com>
1
darkdarkfruit <darkdarkfruit@gmail.com>
1
red sky <skyred81@yahoo.fr>
1
Patrick Tuckey <patrick.tuckey@gmail.com>
1
GTsui Gerry <GTsui@edrnet.com>
1
Robby Grossman <robby@freerobby.com>
1
Antoine <toniocmoi@laposte.net>
1
Fede Aaa <noreply+1794366204@badoo.com>
1
Denis Barishev <dennybaa@gmail.com>
1
Bryan Berry <bryan.berry@gmail.com>
1
Srivatsa Katta <vatsa.katta@gmail.com>
1
Mike Lively <mike.lively@sellingsource.com>
1
Adam Greene <adam@sweetspotdiabetes.com>
1
Markson Zhu <yozloy@me.com>
1
Srinivasan Kumarasamy <kksrini@gmail.com>
1
Nicholas Wieland <ngw@nofeed.org>
1
Maxwell Dayvson <dayvson@gmail.com>
1
Holger Amberg <ha@ltx.cc>
1
Jason McInerney <wwwslinger@gmail.com>
1
Jan Zimmek <jan.zimmek@web.de>
1
"Dilley, John" <jad@akamai.com>
1
Tetsuya <test123@apple.nifty.jp>
1
Drew Broadley <drew@paperlessreceipt.com>
1
Olve Hansen <olvesh@gmail.com>
1
Reid Draper <reid@basho.com>
1
Zak Fenton <zak.fenton@gmail.com>
1
eF <mich569@gmail.com>
1
Markus Silpala <markus@silpala.com>
1
Andrew Cooper <andrew.stephen.cooper@gmail.com>
1
Ivan Brusic <ivan_brusic@yahoo.com>
1
Cristian Bichis <cristi@imagis.ro>
1
panfei <cnweike@gmail.com>
1
"cookchrisd@gmail.com" <cookchrisd@gmail.com>
1
Ralf Kohrt <ralf@kohrt.at>
1
JD Maturen <jdmaturen@gmail.com>
1
Nathan LaFreniere <nlf@andyet.net>
1
Neil Soman <neilsoman@gmail.com>
1
Ted Cooper <ted@appboy.com>
1
Scott Clasen <scott.clasen@gmail.com>
1
"João Martins" <jcmartins@gmail.com>
1
God Dang <goddang@hotmail.com>
1
"Hải Lưu Tuấn" <eminter25391@gmail.com>
1
NC <naren.chainani@gmail.com>
1
Geoff Simonds <GSimonds@loomissayles.com>
1
Thom May <thom@clearairturbulence.org>
1
Papa Tango <papatango.nyc@gmail.com>
1
Can Arel <can.arel@evolope.se>
1
Harish Sharma <harish@ecaretechlabs.com>
1
NevB <neville.burnell@gmail.com>
1
"Kirill A. Korinskiy" <catap@catap.ru>
1
"akhil.kodali" <akhil.kodali@gmail.com>
1
Jason Strutz <jason@cumuluscode.com>
1
Prakash Thapa <prakash1106@gmail.com>
1
stimorol <anisotrope@voila.fr>
1
jeffrey eliasen <jeff@jke.net>
1
Leif Gensert <leif@propertybase.com>
1
Ross Mason <me@rossmason.com>
1
Ross Mason <ross.mason@mulesoft.com>
1
Chris Cook <cookchrisd@gmail.com>
1
"mark@badarmadillo.com" <mark@badarmadillo.com>
1
Andrew Stone <ajs@onswipe.com>
1
Eric Liaw <eliaw@quarkgames.com>
1
Sujay Mansingh <sujay@editd.com>
1
Christian Lavoie <clavoie@sandreckoning.com>
1
noreply@boxbe.com
1
"laura.czajkowski@gmail.com" <laura.czajkowski@gmail.com>
1
Daniel Langevin <dan.langevin@lifebooker.com>
1
Jody Fanning <jodyfanning@gmail.com>
1
Dennis Forbes <dforbes@yafla.com>
1
Jason Wagner <jason@nialscorva.net>
1
Tim Heckman <theckman@gmail.com>
1
Alexander Gunin <gunin@mail.mipt.ru>
1
Kostya V <kostya.screamer@gmail.com>
1
Patrick Schless <patrick.schless@gmail.com>
1
Daniel Lindsley <daniel@pragmaticbadger.com>
1
Robert Zuber <rob@zuber.net>
1
Gleb Peregud <gleber.p@gmail.com>
1
morgandev <morgandev@gmail.com>
1
Mathieu D'Amours <mathieu.damours@nextorms.com>
1
Andy <angelflow@yahoo.com>
1
Tom Haughey <thaughey@gmail.com>
1
Koushik Kothagal <koushik.kothagal@virginamerica.com>
1
Thomas Bikeev <thomas.bikeev@mac.com>
1
"S.A. Kiehn" <keenlinks@gmail.com>
1
jason <langxianzhe@gmail.com>
1
Adrian Nicolae <adrian.nicolae@constanta.rdsnet.ro>
1
Alex Robson <asrobson@gmail.com>
1
Sheshadri Patel <meeturpatel@gmail.com>
1
Vladimir Marchenko <vladimir@marchenko.co.uk>
1
Tristan Foureur <esya@me.com>
1
Christian Aust <christian.aust@software-consultant.net>
1
yozloy <yozloy@me.com>
1
Jordi Valverde <jvalverde@gmail.com>
1
Alain Meunier <deco33@hotmail.fr>
1
Adron Hall <adronhall@gmail.com>
1
Ellen Marie Nadorra <em.nadorra@yahoo.com>
1
Krishna Krishnamaneni <kkrishnamaneni@attinteractive.com>
1
David Hollander <dhllndr@gmail.com>
1
"Михаил Яшков" <mike25@ya.ru>
1
Jon Debonis <jon@trov.com>
1
Jon Glick <jglick@basho.com>
1
julien bille <julien.bille@gmail.com>
1
"yusuf şahin" <bm.yusufsahin@gmail.com>
1
Markson <markson@me.com>
1
"Bartling, Aron" <Aron.Bartling@ask.com>
1
Jon Brisbin <Jon.Brisbin@npcinternational.com>
1
"신원동" <wodshin@gmail.com>
1
Aron Bartling <Aron.Bartling@ask.com>
1
BOG BOG <bog09@yahoo.com>
1
Jason Campbell <j_campbell7@hotmail.com>
1
Philippe Guillebert <philippe.guillebert@gmail.com>
1
Sagar Virani <sagarvirani@gmail.com>
1
gordyt@me.com
1
Bogdan <bogdan@rotld.ro>
1
Raghu Katti <rakatti@gmail.com>
1
Matt Snyder <snyder2112@me.com>
1
Charl Matthee <charl@matthee.org.za>
1
nx <nx@nu-ex.com>
1
Alex Balin <alex@balin.su>
1
Jesse Myers <jesse@locationlabs.com>
1
xsanch <xsanch@gmail.com>
1
"Wolfinger, Fred" <fwolfinger@cyberpointllc.com>
1
"Sebastian Müller" <muell009@uni-mainz.de>
1
Michael Rappazzo <MRAPPAZZO@TRADECARD.COM>
1
Christopher Rueber <crueber@gmail.com>
1
Simon Vans-Colina <simonvc@basho.com>
1
Gary Flake <gary.flake@gmail.com>
1
Fabrice Sznajderman <fabszn@gmail.com>
1
Justin Shoffstall <jshoffstall@basho.com>
1
Dropbox <no-reply@dropboxmail.com>
1
Piyush Purang <ppurang@gmail.com>
1
Nicholas Wieland <ngw@stylej.am>
1
David Jensen <david.lgj@gmail.com>
1
Jamie Talbot <jamie@jamietalbot.com>
1
Ben Kempe <ben.kempe@gmail.com>
1
sandeep <baloda.ait@gmail.com>
1
Constantin Teodorescu <brailateo@gmail.com>
1
Steve Wight <northwight@gmail.com>
1
Brian Hodgen <brian.hodgen@gmail.com>
1
Michael Uvarov <freeakk@gmail.com>
1
Eamonn <eobrain@gmail.com>
1
Herman Junge <haj@neosource.cl>
1
Maciek Borzecki <maciej.borzecki@open-rnd.pl>
1
Stephen Allred <stephen.p.allred@me.com>
1
Gordon Tillman <gordyt@gmail.com>
1
Nathan Sobo <nsobo@pivotallabs.com>
1
mex <cnasillo@gmail.com>
1
Thomas Dunham <tom@secondsync.com>
1
Herman Junge <hermanalonsojunge@gmail.com>
1
"SWEENEY, JAMES" <js5157@att.com>
1
"Michał Ptaszek" <erlang@ptaszek.net>
1
Martin Streicher <supergiantrobot@mac.com>
1
"david.almroth" <david.almroth@muchdifferent.com>
1
Colin Alston <colin.alston@praekelt.com>
1
John Eikenberry <jae@zhar.net>
1
Rama McIntosh <rama@myutil.com>
1
Doug Edmunds <dougedmunds@gmail.com>
1
tack <andres.jaan.tack@eesti.ee>
1
handler <alexey.education@gmail.com>
1
Alex Dong <alex@avos.com>
1
"Баканов Дмитрий" <bakanov2009@yandex.ru>
1
Tristan Sloughter <tristan.sloughter@gmail.com>
1
Oleg Levchenko <l.oleg1979@gmail.com>
1
Maksymilian Strzelecki <prog112@gmail.com>
1
"Jan Schütze" <JanS@DracoBlue.de>
1
Jace Poirier-Pinto <jace@cpusage.com>
1
Christopher LILJENSTOLPE <cdl@asgaard.org>
1
Alexander Nilsson <alexander.nilsson@meltwater.com>
1
Mark Erdmann <mark.erdmann@gmail.com>
1
Mike Ellis <mike.ellis@credorax.com>
1
Glen Hinkle <glen@empireenterprises.com>
1
Anoop Thomas Mathew <atmb4u@gmail.com>
1
Mamatjan <284947485@qq.com>
1
Geert-Jan Brits <gbrits@gmail.com>
1
Mark Hamstra <markhamstra@gmail.com>
1
"Maleport, Joel J" <joel.j.maleport@boeing.com>
1
Eugene Doudine <dudinea@gmail.com>
1
Joel Maleport <jmaleport@charter.net>
1
antz29 <jp@antz29.com>
1
Eric Redmond <eric.redmond@gmail.com>
1
"Nicolas Lalevée" <nicolas.lalevee@hibnet.org>
1
Gideon de Kok <gideon@codigy.nl>
1
andrzej kajetanowicz <kajet8@wp.pl>
1
David Pollak <feeder.of.the.bears@gmail.com>
1
Dimitri Aivaliotis <aglarond@gmail.com>
1
Simon Chen <simonchennj@gmail.com>
1
Marcus Baguley <marcus.baguley@abletech.co.nz>
1
Brian Bickerton <bbickerton@omniti.com>
1
karthik kumar <kumarkarthikn@gmail.com>
1
Wayne See <weynsee@gmail.com>
1
Kevin Downey <redchin@gmail.com>
1
"rengasamy.uma@gmail.com" <rengasamy.uma@gmail.com>
1
Jesse Newland <jesse@websterclay.com>
1
"聂维中" <supernev@gmail.com>
1
watchingant <watchingant@hotmail.com>
1
Y o u s a f <muhammad.yousaf@live.com>
1
Seth Bunce <seth.bunce@gmail.com>
1
Sandy Herman <sandyherman@gmx.net>
1
zhulei <zhul2020@yahoo.com>
1
Evgeniy Shishkin <evgeniy.shishkin@gmail.com>
1
Aaron Stannard <aaron@markedup.com>
1
Chris Jimison <cjimison@gmail.com>
1
"Kirill K." <kirill.mailbx@gmail.com>
1
Andreas Hasselberg <andreas.hasselberg@gmail.com>
1
Chris Molozian <cmolozian@basho.com>
1
Dave Thomas <opensource@peoplemerge.com>
1
Barry Ryan <Barry.Ryan@bjss.com>
1
Tino Breddin <tino.breddin@erlang-solutions.com>
1
magnatua <mikhailosipov@gmail.com>
1
Wagner Caixeta Rodrigues <wagner@assembleia.go.gov.br>
1
Max Grigoriev <darkit@gmail.com>
1
Rahul Bongirwar <bongirwar.rahul123@gmail.com>
1
Bryan Hughes <bryan@worldofbryan.com>
1
Kari Lehtomaa <lehtomaa.kari@gmail.com>
1
Andre Lohmann <lohmann.andre@googlemail.com>
1
Quentin ADAM <quentin.adam@clever-cloud.com>
1
M H <jdevmh@gmail.com>
1
Alessandro Testa <a.testa@rocketmail.com>
1
Brian Lycett <brian.lycett@ratedpeople.com>
1
Mike O'Toole <mike.otoole@outlook.com>
1
"Erik F. Andersen" <eandersen9@gmail.com>
1
adamsch1@yahoo.com
1
"Adron Hall @ Basho" <adron@basho.com>
1
Woody Peterson <woody.peterson@gmail.com>
1
Jim Finlayson <jim.finlayson.work@outlook.com>
1
alezozov <alezozov@gmail.com>
1
jbsmith_dba@mac.com
1
Simon de Haan <simon@praekeltfoundation.org>
1
Jeffpk <jeffpk@nphos.com>
1
Samuel <samuelrivas@gmail.com>
1
Adam Greene <adam.greene@gmail.com>
1
e <bezmenov@gmail.com>
1
Abhishek Amberkar <abhishek@helpshift.com>
1
Ben Rowland <ben.rowland@gmail.com>
1
Bren Norris <bren@plettes.com>
1
Richard K Miller <richardkmiller@gmail.com>
1
Asim Ihsan <asim.ihsan@gmail.com>
1
"O'Brien-Strain, Eamonn" <eamonn.obrien-strain@hp.com>
1
Evgeniy Khramtsov <xramtsov@gmail.com>
1
Sivaraman Vi <sivaraman.vi@tcs.com>
1
Joshua Hanson <joshua.b.hanson@gmail.com>
1
Lex H <lex.lists@gmail.com>
1
Todd <t.greenwoodgeer@gmail.com>
1
Brian Hong <serialx@serialx.net>
1
Jeremy Raymond <jeraymond@rim.com>
1
Jesse Dhillon <jesse@deva0.net>
1
Louis Opter <louis@dotcloud.com>
1
Carter Charbonneau <zcarterc@gmail.com>
1
Seth Johnson <seth.p.johnson@gmail.com>
1
Matt Blair <me@matthewblair.net>
1
Artem <artemciy@gmail.com>
1
Jeffrey Kirkell <jeff.kirkell@gmail.com>
1
Mike Katz <mkmjkatz@gmail.com>
1
cyberpunkie <roberto_calero@hotmail.com>
1
"Douglas, Russell" <Russell_Douglas@cable.comcast.com>
1
rambocoder <erlang@rambocoder.com>
1
Christina Boumpouka <hmpoumpouka@gmail.com>
1
Kelly McLaughlin <kelly@kelly-mclaughlin.com>
1
"M. Edward (Ed) Borasky" <znmeb@znmeb.net>
1
"Mattias Sjölinder" <mattias.sjolinder@x5music.com>
1
Joshua Barratt <josh@mediatemple.net>
1
Ron Yang <b0b0b0b@gmail.com>
1
Marcel Neuhausler <mneuhausler@basho.com>
1
Vijay Gupta <vijay.g@affinity.com>
1
"Loïc Hoguin" <essen@ninenines.eu>
1
Michael Forrester <michael.forrester@worthpoint.com>
1
Ian Rees <ian@ianrees.net>
1
Aleksey Morarash <tuxofil@gmail.com>
1
Tim Kientzle <kientzle@catch.com>
1
Eamonn <eamonn.obrien-strain@hp.com>
1
Paul Barry <pbarry@temetra.com>
1
t3h <tonio3h@gmail.com>
1
Paul Wagner <paul@luminoso.com>
1
Ryan Caught <ryan@vidyard.com>
1
Sally Lehman <rothsa@gmail.com>
1
chengas123 <benjamin.j.mccann@gmail.com>
1
Aaron Blohowiak <aaron.blohowiak@gmail.com>
1
"陈臻" <chenzhen@xiaomi.com>
1
Brian Picciano <mediocregopher@gmail.com>
1
J Olson <jo7168@gmail.com>
1
Henrik Johansen <henrik@myunix.dk>
1
Ripple Khera <ripplekhera@gmail.com>
1
"Brisa Jiménez" <brisa.jimenez.f@gmail.com>
1
Samuel Vijakumar Madireddy <mad.vijay@gmail.com>
1
Kathleen Zhang <kzhang@wayfair.com>
1
Ralph Williams <Ralph.Williams@bjss.com>
1
Mark Turner <mark@amerine.net>
1
Ken Key <key-riak@ksquared.net>
1
Manuel Astudillo <manuel@optimalbits.com>
1
Severin Kistner <sekistner@gmail.com>
1
Charles Daniel <cdaniel@omniti.com>
1
Matt Heitzenroder <mheitzenroder@gmail.com>
1
Dave Gardner <dave.gardner@visualdna.com>
1
Jesse Zamora via LinkedIn <member@linkedin.com>
1
Sc Rew <screw434@yahoo.com>
1
Lukas Schulze <info@lukas-schulze.de>
1
Ryan Flynn <parseerror@gmail.com>
1
Simon Buckle <simon.buckle@gmail.com>
1
Misha Gorodnitzky <Misha.Gorodnitzky@migcan.com>
1
Neil Unadkat <neil.genias@gmail.com>
1
Carlo Bertoldi <carlo.bertoldi@ubiquity.it>
1
Jon Baer <jonbaer@gmail.com>
1
alaka <alaka.pa@gmail.com>
1
Mark Morga <mmorga@rackspace.com>
1
chadarimura <carimura@gmail.com>
1
Joachim Haagen Skeie <joachim@haagen-software.no>
1
"Hùng Nguyễn Duy" <shaman8x@gmail.com>
1
Shahzad Bhatti <sbhatti@optionshouse.com>
1
Gabriel Pickard <gpickard@uos.de>
1
Wouter Van Hemel <wouter.van.hemel@gmail.com>
1
Aatish <aatish.molasi@sourcebits.com>
1
"Adam J. O'Donnell" <adam.j.odonnell@gmail.com>
1
Dmitry Aleksandrov <dmitaleksandrov@gmail.com>
1
Jeremy Huffman <jeremy@jeremyhuffman.com>
1
Dimitry <legato.di@gmail.com>
1
alexmoore <moore.alex@gmail.com>
1
Yankovsky Andrey <yankovskyandrey@gmail.com>
1
pablochacin <pablochacin@gmail.com>
1
"Chas. Munat" <chas@munat.com>
1
William Roe <willroe@gmail.com>
1
Joseph Wayne Norton <norton@lovely.email.ne.jp>
1
Kenji Rikitake <kenji.rikitake@acm.org>
1
Byron Wang <byronpc1@gmail.com>
1
ttt <ttt@ist.utl.pt>
1
Peter Lemenkov <lemenkov@gmail.com>
1
Theo Bot <thg.bot@gmail.com>
1
Mikhail Tyamin <tyamin@me.com>
1
Jim Tarvid <tarvid@ls.net>
2
Barron Logan <blogan@sharecare.com>
2
Boris Okner <boris.okner@gmail.com>
2
gtuhl <riak@uhls.com>
2
tech topcis <tech@intrawave.net>
2
Nicholas Campbell <nicholas.j.campbell@gmail.com>
2
trevor stanhope <tpstanhope@gmail.com>
2
Stephan Kepser <stephan.kepser@codecentric.de>
2
Paul Peregud <paulperegud@gmail.com>
2
Jeremy Gailor <jeremy@infinitecube.com>
2
Anatoly <tolitius@gmail.com>
2
"Fisher, Ryan" <rfisher@cyberpointllc.com>
2
Kunal Nawale <knawale@verivue.com>
2
Toby Hede <tobyhede@info-architects.net>
2
Matt Graham <mdg149@gmail.com>
2
"Joel R. Berendzen" <joelb@lanl.gov>
2
Lukas Schulze <lspcity@gmail.com>
2
Eric Stevens <mightye@gmail.com>
2
Boris Solovyov <boris.solovyov@gmail.com>
2
"Staņislavs Koikovs" <stanislavs.koikovs@gmail.com>
2
E R <pc88mxer@gmail.com>
2
Andrey Somov <public.somov@gmail.com>
2
Petter Egesund <Petter.Egesund@boklink.no>
2
Tatsuya Kawano <tatsuya6502@gmail.com>
2
Hiroki OHTSUKA <hohtsuka@gmail.com>
2
Takeshi Matsumura <takeshi4126@gmail.com>
2
Duncan McGreggor <duncan@bluelibris.com>
2
Max Lapshin <max.lapshin@gmail.com>
2
Bach Le <thebullno1@gmail.com>
2
David Dossot <david@dossot.net>
2
"H. Ibrahim YILMAZ" <ibrahim@drlinux.org>
2
minotaurus <adi@constanta.rdsnet.ro>
2
Michael Holt <maholt@nla.com>
2
Denis Papathanasiou <denis.papathanasiou@gmail.com>
2
Brian Picciano <dustfinger1@gmail.com>
2
Pascal Schmiel <pascal.schmiel@bluelionmobile.com>
2
"Jasinek, Jason" <jason.jasinek@interactivedata.com>
2
"Dingwell, Robert A." <bobd@mitre.org>
2
John Kemp <john@jkemp.net>
2
Aleksey Morarash <aleksey.morarash@gmail.com>
2
tom kelly <ttom.kelly@gmail.com>
2
Hagbard Celine <Hagbard@gmx.de>
2
Simon Fell <sfell@salesforce.com>
2
Koen van Besien <koen.vanbesien@gmail.com>
2
Christopher Meng <cickumqt@gmail.com>
2
n6mac41717 <csh@stanfordalumni.org>
2
Shaan Sapra <shaanfire@gmail.com>
2
"André Silva" <andre.beat@gmail.com>
2
pille <pille+riak-users@struction.de>
2
Nick Partridge <nkpart@gmail.com>
2
Max <nash12@gmail.com>
2
Patrick Van Stee <vanstee@highgroove.com>
2
JB Smith <jbsmith_dba@mac.com>
2
Payal Rakshit <payal124@gmail.com>
2
Tim W <timmerw@mindspring.com>
2
Tejus Parikh <tejus@vijedi.net>
2
Iouri Kostine <iouri@theablefew.com>
2
Pieter Breed <lists.basho.com@pb.co.za>
2
Ryan Kennedy <rckenned@gmail.com>
2
Alexey Prohorenko <me@alexeypro.com>
2
alexeypro <me@alexeypro.com>
2
David Fox <david@davidjfox.com>
2
Dmitry Aleksandrov <elixmoon@gmail.com>
2
Olivier Rossel <olivier.rossel@gmail.com>
2
Kaspar Pedersen <kpn@trifork.com>
2
Luc Castera <luc.castera@gmail.com>
2
Jeffrey Kesselman <jeffpk@gmail.com>
2
khoi pham cao <pckhoi@gmail.com>
2
Ana Nelson <nelson.ana@gmail.com>
2
Dan <luriad@googlemail.com>
2
Mike Huffman <mike.huffman@gmail.com>
2
Alexey Loshkarev <elf2001@gmail.com>
2
Thomas Bikeev <thomas.bikeev@gmail.com>
2
"Alex Rønne Petersen" <xtzgzorex@gmail.com>
2
OZAWA Tsuyoshi <ozawa.tsuyoshi@gmail.com>
2
Alex Babkin <ababkin@gmail.com>
2
Andrew Gopienko <gopienko@gmail.com>
2
Michael Ossareh <ossareh@gmail.com>
2
Aleksey Morarash <aleksey.morarash@massivesolutions.eu>
2
Ben Murphy <benmmurphy@gmail.com>
2
briche arnaud <briche.arnaud@gmail.com>
2
Casey Rosenthal <casey@basho.com>
2
Joey Yandle <dragon@dancingdragon.be>
2
Chris Laskey <chris.laskey@gmail.com>
2
Paul Fisher <pfisher@alertlogic.com>
2
Luke Monahan <lukemonahan@gmail.com>
2
Marko Rodriguez <okrammarko@gmail.com>
2
Jon Perez <jbperez808@yahoo.com>
2
jim.adler@comcast.net
2
shared mailinglists <shared.mailinglists@gmail.com>
2
Massimiliano Ciancio <mciancio@gmail.com>
2
Guillermo <guillermo@cientifico.net>
2
Thibault Dory <dory.thibault@gmail.com>
2
Laurent Laborde <kerdezixe@gmail.com>
2
Luca Spiller <luca@stackednotion.com>
2
John White <jwhite@basho.com>
2
Eric Chaves <eric@craftti.com.br>
2
Cornelius Schmale <sma@fh-wedel.de>
2
Joe Osowski <joe.osowski@gmail.com>
2
Konstantine Rybnikov <k-bx@k-bx.com>
2
Jayson Barley <jayson.barley@gmail.com>
2
James Jackson <james@xirsys.com>
2
Tim Froehlich <timothyfroehlich@gmail.com>
2
Randolph Kahle <randy@databliss.net>
2
andrew cooke <andrew@acooke.org>
2
Hector Castro <hectcastro@gmail.com>
2
Matthias-Christian Ott <ott@mirix.org>
2
Aditya Patadia <adityapatadia@gmail.com>
2
Jackson L <jl8866@yahoo.com>
2
Abhishek Kona <abhishekk@flipkart.com>
2
bugra <bugra.derre@kit.edu>
2
"Денис Мельник" <denis.melnik@gmail.com>
2
Shannon Monasco <shannon.monasco@markit.com>
2
Sebastjan Trepca <trepca@gmail.com>
2
Stefan Gebhardt <stefan.gebhardt@abas.de>
2
Kelly McLaughlin <mclaughlin77@gmail.com>
2
Christopher Chow <chris@chowie.net>
2
Hrishikesh More <hrishikesh.r.more@gmail.com>
2
"thomas.bikeev" <thomas.bikeev@mac.com>
2
Daniel Rathbone <rathbone1200cc@gmail.com>
2
Mark <mark@basho.com>
2
sergey <lunserv@yandex.ru>
2
Bogdan <bog09@yahoo.com>
2
Jorge Sanchez <xsanch@gmail.com>
2
curiosity <satkumar@hotmail.com>
2
"Qvin ." <qvin.net@msn.com>
2
nicolasc <nicolas.canceill@surfsara.nl>
2
Lenley Woodard <lenley@kotokogroup.com>
2
Eli Janssen <elij.mx@gmail.com>
2
bogdan <bog09@yahoo.com>
2
John Kavanagh <jkavanagh@zendesk.com>
2
Sven Johansson <johansson.sven@gmail.com>
2
bruce kissinger <brucekissinger@gmail.com>
2
Jake Eakle <jseakle@gmail.com>
2
Edo van Asseldonk <edovanasseldonk@hotmail.com>
2
Niklas Saers <njs@trifork.com>
2
m-hou@fores.jp
2
Serge Pokhodyaev <serge@efirlabs.ru>
2
Daniele Testa <daniele.testa@gmail.com>
2
Mathieu D'Amours <mathieu@damours.org>
2
Andrew Stone <andrew.j.stone.1@gmail.com>
2
"B.T. Jagadeesh Kumar" <btjagadeesh@uniceltech.com>
2
Zhemzhitsky Sergey <sergey_zhemzhitsky@sberbank-cib.ru>
2
"A. Sebastian Dietzel" <sebastian@dubizzle.com>
2
"Rudy X. Desjardins" <rudy@sandbenders.ca>
2
Parker Thompson <parkert@gmail.com>
2
Michael Dungan <mpd@stippleit.com>
2
JohnP <jpederzolli@parchment.com>
2
Gernot Ullrich <gernot.ullrich@mylugo.de>
2
bernie <brud699@gmail.com>
2
Matt Croydon <mcroydon@gmail.com>
2
Anna Byszkin <anna.byszkin@easeltv.com>
2
Ted Behling <ted@tedb.us>
2
Rich Sutton <rich@socialiqnetworks.com>
2
Emmanuel Bastien <bastien_emmanuel@yahoo.fr>
2
Mark Allen <mrallen1@yahoo.com>
2
Yuri Lukyanov <y.snaky@gmail.com>
2
Michael Truog <mjtruog@gmail.com>
2
"Ivan Skytte Jørgensen" <isj-sgb@i1.dk>
2
Oyama <oyama@octopus.name>
2
Allen Johnson <akjohnson78@gmail.com>
2
"Игонин Михаил" <igonin_phys@mail.ru>
2
David Goehrig <dgoehrig@critical-media.com>
2
Michal Zajda <zajdamichal@gmail.com>
2
Colin Alston <colin.alston@praekeltfoundation.org>
2
courser <iamacourser@gmail.com>
2
Matthew Gregg <matthew.gregg@gmail.com>
2
Tyler Weir <tyler.weir@gmail.com>
2
Tetsuya <riak_test@mbr.nifty.com>
2
Pedro Larroy <pedro.larroy.lists@gmail.com>
2
Scott <skester@weather.com>
2
Ultrabug <ultrabug@ultrabug.net>
2
"José G. Quenum" <josum@icloud.com>
2
Gavin Carr <gavin@openfusion.com.au>
2
Justin Lambert <jlambert@bufferfish.com>
2
Nooby Doo <noobynoobydoo@gmail.com>
2
Jordan Schatz <jordan@noionlabs.com>
2
Matthew Scott <matt@11craft.com>
2
Martin May <martin@push.io>
2
Anton Yakushin <anton@istylemyself.com>
2
Satoshi Yamada <bigt2323@gmail.com>
2
Vladimir Kupcov <vladimir.kupcov@gmail.com>
2
Mingfai <mingfai.ma@gmail.com>
2
Jon Brisbin <jbrisbin@gopivotal.com>
2
ender <extropy@gmail.com>
2
malka feldman <malkaf@3basegroup.com>
2
Andrew Hamilton <ahamilton@facilityone.com>
2
David Stevenson <stevend@pivotallabs.com>
2
Gaurav Sood <gaurav.sood@mediologysoftware.com>
2
Steve Lloyd <steve.lloyd@ibo.org>
2
Sahil Verma <sahil.verma@ericsson.com>
2
John Butler <php_john@hotmail.com>
2
Abhishek kumar <abhishekiitg10@gmail.com>
2
Jared Morrow <jared.morrow@gmail.com>
2
Eric Filson <efilson@gmail.com>
2
Daurnimator <quae@daurnimator.com>
2
Marco <marco@mashape.com>
2
Jan Vincent <jvliwanag@gmail.com>
2
Kenny Stone <kennethstone@gmail.com>
2
Dick Davies <rasputnik@hellooperator.net>
2
"yanqun.sun@mesheven.com" <yanqun.sun@mesheven.com>
2
yaochitc <yaochitc@gmail.com>
2
"Sundberg, Patrik" <Patrik.Sundberg@uk.mlp.com>
2
nathn pal <nathan.paul8@gmail.com>
2
Jochen Delabie <jochendelabie@gmail.com>
2
Guilherme Silveira <guilherme.silveira@caelum.com.br>
2
Peter Bailis <pbailis@cs.berkeley.edu>
2
Mikl Kurkov <mkurkov@gmail.com>
2
Philipp Borgers <borgers@mi.fu-berlin.de>
2
Michael Duergner <michael.duergner@gmail.com>
2
Rajiv M Ranganath <rajiv.ranganath@gmail.com>
2
lewis john mcgibbney <lewismc@apache.org>
2
Jeremy Thurgood <firxen@gmail.com>
2
Marcin Krol <mrkafk@gmail.com>
2
Joel Pitt <joel.pitt@gmail.com>
2
Adam Leko <adam@catalyze.io>
2
Sami Samhuri <sami@selfserveapps.com>
2
Erik Hoogeveen <erik@nimbuzz.nl>
2
lazukars <lazukars@gmail.com>
2
Stephan Maka <stephan@spaceboyz.net>
2
"john.kline" <jkline@riotgames.com>
2
Mick Brooks <mick.brooks@sinking.in>
2
Jeremey Barrett <jbarrett@alertlogic.com>
2
Sharas gpavarde <apkrovos@gmail.com>
2
Finkle Mcgraw <finklemcgraw@gmail.com>
2
Brisa Anahi Jimenez Flores <brisa.jimenez.f@gmail.com>
2
Matt Williams <matt.williams@geneity.co.uk>
2
Venkatachalam Subramanian <venkatsubbu44@gmail.com>
2
"Manu Mäki - Compare Group" <m.maki@comparegroup.eu>
2
Jose Ignacio Gil Jaldo <naranja82@gmail.com>
2
Jimmy Ma <gosu.snp@gmail.com>
2
"hotmail.kwyto" <kwyto@hotmail.com>
2
Earl Ruby <earl_ruby@xyratex.com>
2
Heiner Bunjes <bunjes@innotec-data.de>
2
Theo Schlossnagle <jesus@omniti.com>
2
"Lukas J. Dickie" <lukas.dickie@gimigo.com>
2
"Bond, Dave A" <D.A.Bond@hw.ac.uk>
2
japhar81 <japhar81@gmail.com>
2
Joseph Blomstedt <dklayn@gmail.com>
2
Matthew Hall <mhall@mhcomputing.net>
2
Ali Sabil <ali.sabil@gmail.com>
2
Sangeetha <sangeetha.subramanian@gtnexus.com>
2
Thomas Santero <tsantero@gmail.com>
2
"Леонид Рябоштан" <leonid.riaboshtan@twiket.com>
2
Matthew Eernisse <mde@fleegix.org>
2
Balamurugan V G <balamuruganvg@gmail.com>
2
Jason Toy <jasontoy@gmail.com>
2
Benjamin Nortier <bjnortier@gmail.com>
2
Evan Haas <evanhaas@gmail.com>
2
Robert Horvick <robert.horvick@gmail.com>
2
Karolis Petrauskas <k.petrauskas@gmail.com>
2
John Lynch <johnrlynch@gmail.com>
2
Charles Shah <find.chuck.at@gmail.com>
2
Denis Titoruk <sidentdv@gmail.com>
2
Bernard Otu <phyxavier@gmail.com>
2
David Whittington <djwhitt@gmail.com>
2
Maas-Maarten Zeeman <mmzeeman@xs4all.nl>
2
Andrew Thompson <andrewt1972@gmail.com>
2
Michael Lewis <lewismj@me.com>
2
Chaim Peck <chaimpeck@gmail.com>
2
Spiro N <spiro@greenvirtualsolutions.com>
2
Alex Katebi <akatebi@vidyo.com>
2
Joseph Guhlin <joseph.guhlin@gmail.com>
2
Lincoln Stoll <lstoll@lstoll.net>
2
Tom Burdick <thomas.burdick@gmail.com>
2
Peter Bakkum <peter@quizlet.com>
2
Jonathan Baudanza <jon@jonb.org>
2
Jack Moffitt <jack@metajack.im>
2
Urvashi Pathak <urvi_up@yahoo.com>
2
Tim Dysinger <tim@dysinger.net>
2
Trevor Hunsaker <trevor@saturdayplace.com>
2
Thelonious Fonk <simonisimo@gmail.com>
2
Telmo Menezes <telmo@telmomenezes.com>
2
Damien Krotkine <damien.krotkine@booking.com>
2
Andrew Whang <andrewgwhang@yahoo.com>
2
Robert Lowe <rob@iblargz.com>
2
Daniel Widgren <daniel.widgren@gmail.com>
2
Curtis Taylor <yamahabob28@gmail.com>
2
Francesca Gangemi <francesca.gangemi@erlang-solutions.com>
2
snacktime <snacktime@gmail.com>
2
Nitish Sharma <nd.coolchap@gmail.com>
2
tilo@fastmail.fm
2
Sam Perman <sam@permans.com>
2
Tumaini <axios1980@gmail.com>
2
Cui Liqiang <cui.liqiang@gmail.com>
2
Mike Carlson <m87carlson@gmail.com>
2
Simon Rodriguez <simonisimo@gmail.com>
2
Varadharajan Mukundan <srinathsmn@gmail.com>
2
Jonathan Lee <jjl@alumni.caltech.edu>
2
David Meekin <David.Meekin@autotrader.co.uk>
2
Masanori Takahashi <mtakahashi@yourinventit.com>
2
"Ali Rıza KELEŞ" <ali.r.keles@gmail.com>
2
Cedric Maion <cedric@maion.com>
2
Andrei Dziahel <trickster2k4@gmail.com>
2
Chris Duesing <chris.duesing@gmail.com>
2
pragya jain <prag_2648@yahoo.co.in>
2
Kyle Marek-Spartz <kyle.marek.spartz@gmail.com>
2
Denis Barishev <denis.barishev@twiket.com>
2
elij <elij.mx@gmail.com>
2
Michael <riak@autosys.us>
2
Izzy Alanis <izzyalanis@gmail.com>
2
Nathaniel Talbott <nathaniel@spreedly.com>
2
"Fábio Sato" <fabiosato@gmail.com>
2
Adrien Mogenet <adrien.mogenet@gmail.com>
2
Vladislav Gorodetskiy <graf.otodrakula@gmail.com>
2
Harold Hsu <haroldsphsu@gmail.com>
2
Felix Scheffer <mail@felix-scheffer.de>
2
Oliver Soell <oliver@soell.net>
2
Kay Kay <kaykay.unique@gmail.com>
2
Vasiliy <dixelt@gmail.com>
2
dustin.whitney@gmail.com
2
Jeff Hammerbacher <hammer@cloudera.com>
2
"Jordi Chacón" <jordi.chacon@gmail.com>
2
xu xiut <xiut.xu@gmail.com>
2
Sellmy Bassamp <sellmybassamp@yahoo.com>
2
Christopher Zorn <christopher.zorn@gmail.com>
2
Dave Smith <dizzyd@basho.com>
2
"John D. Mitchell" <jdmitchell@gmail.com>
2
"yatr_98@yahoo.com" <yatr_98@yahoo.com>
2
"Moore, Jonathan (CIM)" <Jonathan_Moore@Comcast.com>
2
Michael McDaniel <riak@autosys.us>
2
Dustin Sallings <dustin@spy.net>
2
"Никита Нежевский" <empthynickname@gmail.com>
2
kodeblok <nucleardragoninc@gmail.com>
2
Martin Scholl <ms@diskware.net>
2
Davis Ford <davisford@gmail.com>
2
Bryan Fink <bryan.fink@gmail.com>
2
Demetri Mouratis <dmourati@eye.fi>
2
Rebecca Meritz <rebecca.meritz@klarna.com>
2
"Walters Chris (NHS CONNECTING FOR HEALTH)" <chris.walters@nhs.net>
2
Corentin Jechoux <corentin.jechoux.pro@gmail.com>
2
Mikhail Pustovalov <mpustovalov@gmail.com>
2
Will Hutchinson <will@trueex.com>
2
mahesh shitole <maheshshtl@gmail.com>
2
"Damian Dobroczyński" <qoocku@gmail.com>
3
Jonathan Rudenberg <jonathan@titanous.com>
3
Mark Wagner <mwagner72@gmail.com>
3
damien krotkine <dkrotkine@gmail.com>
3
Aneil Mallavarapu <aneil.mallavar@gmail.com>
3
Amir Halatzi <Amir.Halatzi@oovoo.com>
3
Jeffrey McManus <jeffreymcmanus@gmail.com>
3
Brian Conway <bconway@rcesoftware.com>
3
Robin Edwards <rob@slando.com>
3
Gustavo Niemeyer <gustavo@niemeyer.net>
3
yamt@mwd.biglobe.ne.jp (YAMAMOTO Takashi)
3
Patrick Durusau <patrick@durusau.net>
3
Damien Krotkine <dkrotkine@gmail.com>
3
"matteo.redaelli@libero.it" <matteo.redaelli@libero.it>
3
goofansu <goofan.su@gmail.com>
3
De Bunge <debunge@gmail.com>
3
"Bruno René Santos" <bruno-r-santos@telecom.pt>
3
Justin Lambert <jlambert@letsevenup.com>
3
kiran kulkarni <kk.questworld@gmail.com>
3
John Muellerleile <johnm@basho.com>
3
Jordan West <jordanrw@gmail.com>
3
Tilman Holschuh <tilman.holschuh@gmail.com>
3
Evan Kinney <Evan.Kinney@sas.com>
3
Ariel Valentin <ariel@arielvalentin.com>
3
bgp2396 <bgp2396@bellsouth.net>
3
Sorin Manole <sorin.manole@trustev.com>
3
Hussam Abu-Libdeh <hussam.al@gmail.com>
3
Gui Pinto <gpinto@chitika.com>
3
urvi <urvi_up@yahoo.com>
3
54chen <czhttp@gmail.com>
3
"朱轩印" <davidzhu.4.2@gmail.com>
3
John Welter <john.welter@nwgeo.com>
3
"J. Austin Hughey" <jaustinhughey@gmail.com>
3
luigi max <ldc.drake@gmail.com>
3
David Pratt <fairwinds.dp@gmail.com>
3
Pedro Teixeira <pedro.teixeira@gmail.com>
3
Alex Laslavic <alex.laslavic@turner.com>
3
Alfonso De Gregorio <adg@crypto.lo.gy>
3
John Shen <john.shen@sungard.com>
3
"Honza Král" <honza.kral@gmail.com>
3
Shane Adams <adamsch1@yahoo.com>
3
Paige Thompson <erratic@yourstruly.sx>
3
"Jan Zahradka - MALL.cz" <jan.zahradka@mall.cz>
3
YN <yug3sh@yahoo.com>
3
Stefan Mees <stefan.mees@wooga.net>
3
graphex <gfxlists@graphex.com>
3
Jimmy Thrasher <jimmy@jimmythrasher.com>
3
Erik Andersen <eandersen9@gmail.com>
3
Greg Pascale <greg.pascale@gmail.com>
3
Vassil Kolarov <vasco@vas.io>
3
Dmitrii Dimandt <dmitriid@gmail.com>
3
scott clasen <scott.clasen@gmail.com>
3
ror@radardisc.co.nz
3
Stanislav Nazarenko <stanislav@binaryorder.com>
3
Abd El-Fattah Mahran <abdoo.mahran@gmail.com>
3
Gil Teixeira <gil@pixelbeam.org>
3
John O'Brien <john@boardom.ca>
3
Tryn Mirell <tryn@basho.com>
3
Paul Scheltema <paulscheltema@gmail.com>
3
Matt Davis <matt.davis@openx.com>
3
"Otto Kekäläinen" <otto@kekalainen.net>
3
Will Gage <wgage@shopzilla.com>
3
Jeffrey Kesselman <jeffpk@nphos.com>
3
Mark S Phillips <msphillenator@gmail.com>
3
Felix Ritter <felix.ritter@gmail.com>
3
Clinton Shryock <clint@ctshryock.com>
3
Miroslav Urbanek <miroslav.urbanek@gmail.com>
3
Doug Selph <dselph@gmail.com>
3
Seth Thomas <sthomas@opscode.com>
3
Michael Grauer <michael.grauer@kitware.com>
3
Todd Cullen <todd@thoughtleadr.com>
3
jason@topsy.com
3
Antoine <tonio3h@gmail.com>
3
Nico Huysamen <nico.huysamen@gmail.com>
3
Peter Herndon <tpherndon@gmail.com>
3
Donald Yan <dyan.ddn@gmail.com>
3
"João Machado" <joao.machado@ideais.com.br>
3
Petrushka Petrushka <petrushka200@gmail.com>
3
Akhil Kodali <akhil.kodali@gmail.com>
3
Jesse Zamora <xtremekforever@gmail.com>
3
Drew Whitehouse <Drew.Whitehouse@anu.edu.au>
3
Jeremy Pierre <j.14159@gmail.com>
3
Morten Siebuhr <sbhr@sbhr.dk>
3
Ryan Chazen <ryanza@gmail.com>
3
Lijun Wang <sroamer@yahoo.com>
3
Ammar Ahmed <aahmed@cccis.com>
3
David Dabbs <dmdabbs@gmail.com>
3
Aleksandr Vinokurov <aleksandr.vin@gmail.com>
3
Jorge Garrido gomez <zgbjgg@gmail.com>
3
Bozhidar Bozhanov <bozhidar.bozhanov@gmail.com>
3
Steve Davis <steven.charles.davis@gmail.com>
3
"Abhishek Amberkar [अभिषेक]" <abhishek.amberkar@gmail.com>
3
Victor 'Zverok' Shepelev <vshepelev@imho.com.ua>
3
santhosh venkat <santhoshvenkat1988@gmail.com>
3
Ron Pastore <vacorama@gmail.com>
3
chuang <lichuang1982@gmail.com>
3
coLLin LeGault <clegault@nextgengeek.com>
3
Patrick Christopher <pat.christopher@gmail.com>
3
"Antonio Fernández Vara" <antoniofernandezvara@gmail.com>
3
Nicolas Petton <petton.nicolas@gmail.com>
3
Mark Steele <mark@control-alt-del.org>
3
Federico Mosca <fege85@gmail.com>
3
Sean Ma <seanxma@gmail.com>
3
lloyd@writersglen.com
3
Dmitry Rozhkov <dmitry.rojkov@gmail.com>
3
Brian Roach <roach@mostlyharmless.net>
3
Ryan Fisher <rfisher@cyberpointllc.com>
3
Kevin Chan <riak.kevin@gmail.com>
3
charlesugwuh <charles@contentomni.com>
3
Shane Holloway <shane.holloway@ieee.org>
3
Luke Bredeson <luke.bredeson@gmail.com>
3
Ben Myles <ben.myles+riakusers@gmail.com>
3
Eamonn O'Brien-Strain <eob@hp.com>
3
Marcel Koopman <marcel.koopman@gmail.com>
3
Aditya Patadia <adityapatadia@gmx.com>
3
Eric Cestari <ecestari@gmail.com>
3
Dean Cookson <cookson@basho.com>
3
brad.laptop@comcast.net
3
Joe DeVivo <jdevivo@basho.com>
3
Jordan West <jwest@makingfun.com>
3
Alexandre Ravey <alexandre.ravey@gmail.com>
3
Andrew Musselman <andrew.musselman@gmail.com>
3
Jan Pieper <jan.pieper@adcloud.com>
3
Denis <denis.melnik@gmail.com>
3
"Aníbal Rojas" <anibalrojas@gmail.com>
3
Antony Falco <tony@basho.com>
3
Magnus Enarsson <magnus@icehouse.se>
3
"Gilbert Glåns" <gilbert.glans@gmail.com>
3
Michael McClain <michael.c.mcclain@gmail.com>
3
"Scott M. Likens" <scott@likens.us>
3
Abdul Hamed <abdulhamed.h@gmail.com>
3
Hec H <hec0101@yahoo.co.uk>
3
Vincent Chavelle <vincent.chavelle@gmail.com>
3
"marcel.koopman" <marcel.koopman@gmail.com>
3
Andrew Tunnell-Jones <andrew@tj.id.au>
3
leonickel <leonickel@gmail.com>
3
Keith Irwin <keith@zentrope.com>
3
Shailesh Mangal <shailesh.mangal@getzephyr.com>
3
Izhar Ravid <izhar@conduit.com>
3
Ulf Wiger <ulf.wiger@erlang-solutions.com>
3
wjossey <weston.jossey@gmail.com>
3
Shai Garniek <sgarniek@gmail.com>
3
Joshua Partogi <jpartogi@scrum8.com>
3
ZhouJianhua <jh.zhou@outlook.com>
3
Pronam Chatterjee <pronamc@yahoo.com>
3
Adhi Priharmanto <adhi.pri@gmail.com>
3
Daniel Abrahamsson <daniel.abrahamsson@klarna.com>
3
Yan Martins <yan.martins@gmail.com>
3
Nguyen Kien Trung <trung.n.k@gmail.com>
3
Eric Abbott <eric.abbott@tapjoy.com>
3
Jonathan Brisbin <jbrisbin@vmware.com>
3
Paco NATHAN <ceteri@gmail.com>
3
Greg Bowyer <gbowyer@fastmail.co.uk>
3
Alexander Zhuravlev <a.zhuravlev@gmail.com>
3
"Gerlach, Sebastian" <sebastian.gerlach@immonet.de>
3
ben six <ben4ml@gmail.com>
3
Pinney Colton <pinney.colton@bitwisedata.com>
3
Dev Vasantharajan <dev@sourcebits.com>
3
Lyes Amazouz <lyesjob@gmail.com>
3
Satya Ranjan <ranjansatya@gmail.com>
3
Tony Schwartz <dtonys@gmail.com>
3
Tomas Charvat <tc@excello.cz>
3
Martin Westergaard Lassen <mwltrifork@gmail.com>
3
pseudo-nyme@laposte.net
3
Curtis Caravone <caravone@gmail.com>
3
Antoine <toine-ml@laposte.net>
3
Jammy <jammy.linux@gmail.com>
3
Markus Doppelbauer <doppelbauer@gmx.net>
3
Brandon Smith <brandon@16cards.com>
3
Kostya Rybnikov <k-bx@k-bx.com>
3
Jonas Tehler <jonas@tehler.se>
3
James Linder <james.h.linder@gmail.com>
3
Brendan <brendan@tucows.com>
3
richard bucker <richard@bitbucker.com>
3
Jason Wang <jason@jasonwang.com>
3
Alex Shneyderman <a.shneyderman@gmail.com>
3
Archana Bhattarai <ABhattarai@sharecare.com>
3
Dmitry Groshev <lambdadmitry@gmail.com>
3
Adam Lindsay <a.lindsay@gmail.com>
3
Tyler Flint <tylerflint@gmail.com>
3
Bruce Lowekamp <bruce.lowekamp@skype.net>
3
"吴磊" <mjollnir.ray@gmail.com>
3
Tatsuya Kawano <t6502ml@gmail.com>
3
Andrew Harvey <Andrew.Harvey@lexer.com.au>
3
Alexander Grytsenko <alexander.grytsenko@dev-pro.net>
3
Johnathan Loggie <johnathan.loggie@migcan.com>
3
Rick Olson <technoweenie@gmail.com>
3
Hursh Prasad <hursh@theeggofcolumbus.com>
3
"Brisa Anahí Jiménez Flores" <brisa_anahi@hotmail.com>
4
Eric Siegel <siegel.eric@gmail.com>
4
Paul R <paul.r.ml@gmail.com>
4
Markus Silpala <msilpala@gmail.com>
4
"Jérôme Verstrynge" <jverstry@gmail.com>
4
Jeremy Hinegardner <jeremy@hinegardner.org>
4
Florian Odronitz <odo@mac.com>
4
Gary Smith <gary.smith@holdstead.com>
4
Darrel Grant <darrel343@gmail.com>
4
Alexander Staubo <lists@purefiction.net>
4
Curtis Schofield <curtis@ram9.cc>
4
Martin Streicher <supergiantrobot@me.com>
4
Daniel Einspanjer <deinspanjer@mozilla.com>
4
Staffan Einarsson <staffan.einarsson@muchdifferent.com>
4
Dave Finster <davefinster@me.com>
4
"Simeon F. Willbanks" <sfw@simeonfosterwillbanks.com>
4
Aleksandar Radulovic <alex@a13x.net>
4
David Yu <david.yu.ftw@gmail.com>
4
"Bernard Fouché" <bernard.fouche@kuantic.com>
4
Ben Aviram <ben@conduit.com>
4
Stephen Bennett <steve@bennettweb.org>
4
Dan Milon <danmilon@gmail.com>
4
Matthew Shaw <mattashaw@gmail.com>
4
"Anders Hedström" <anders.hedstroem@gmail.com>
4
Catalin Constantin <dazoot@gmail.com>
4
Igor Birman <igor_birman@yahoo.com>
4
Blake Schwendiman <blake.schwendiman@gmail.com>
4
Jonas Lindmark <jonas.lindmark@gmail.com>
4
Bip Thelin <bip.thelin@evolope.se>
4
Johan Harjono <johanharjono@gmail.com>
4
Matt Savona <matt.savona@gmail.com>
4
Dan Kerrigan <dan.kerrigan@gmail.com>
4
Thomas Bakketun <Thomas.Bakketun@Copyleft.no>
4
Karthik K <oss.akk@gmail.com>
4
Josh Kamau <joshnet2030@gmail.com>
4
Felix Terkhorn <fterkhorn@exacttarget.com>
4
carson li <carson.li@liquidanalytics.com>
4
Dave Finster <davefinster@icloud.com>
4
darren <darren@ontrenet.com>
4
Srdjan Pejic <spejic@gmail.com>
4
Ben McCann <ben@benmccann.com>
4
Bryan Hunt <bhunt@basho.com>
4
"brian.thomason@gmail.com" <brian.thomason@gmail.com>
4
Vishal Shah <goldenv@gmail.com>
4
Dave Parfitt <diparfitt@gmail.com>
4
yaoxinming <yaoxinming@gmail.com>
4
Stefan Scott Alexander <stefanscottalexx@gmail.com>
4
Tamas Nagy <tamas.nagy@erlang-solutions.com>
4
Will Schenk <wschenk@gmail.com>
4
hs raghu <hsrmmr@gmail.com>
4
robert schaefer <rps@haystack.mit.edu>
4
Michael Russo <mjrusso@gmail.com>
4
Sajithkumar Kizhakkiniyil <Sajithkumar.Kizhakkiniyil@apollogrp.edu>
4
David King <dking@ketralnis.com>
4
Sebastian Wittenkamp <swittenkamp@vmware.com>
4
Andrew Kondratovich <andrew.kondratovich@gmail.com>
4
Douglas Muth <doug.muth@gmail.com>
4
Mark Rechler <mrechler@bitly.com>
4
Martin Stabenfeldt <martin@stabenfeldt.net>
4
David Koblas <david@koblas.com>
4
Ken Matsumoto <ken@nri.com>
4
Alex Wolfe <alex@activeprospect.com>
4
David Greenstein <dave@kibits.com>
4
Martin Bruse <zondolfin@gmail.com>
4
anandm <anand@zerebral.co.in>
4
Vick Khera <vivek@khera.org>
4
Damien Hardy <damienhardy.bal@gmail.com>
4
Michael Guymon <michael@tobedevoured.com>
4
Mark Smith <mark@bumptechnologies.com>
4
ageemoore <ageemoore@gmail.com>
4
Igor Senderovich <isenderovich@esperdyne.com>
4
Shimon Benattar <shimonb@gmail.com>
4
Eric Cestari <eric@ohmforce.com>
4
W-Mark Kubacki <wmark@hurrikane.de>
4
Eric Anderson <anderson@copperegg.com>
4
Thomas Heller <info@zilence.net>
4
Tomer Naor <Tomer@conduit.com>
4
fxmy wang <fxmywc@gmail.com>
4
Seema Jethani <seema@basho.com>
4
"Ajit Prasad(RMG00)" <ajit.aprasad@igate.com>
4
Cezary Kosko <koskocezarym@gmail.com>
4
"Vergara, Jeaneth Aguilar" <vergara5@illinois.edu>
4
Marv Lush <marv_lush@yahoo.com>
4
Hari John Kuriakose <ejhari@gmail.com>
4
Philip <flips01@googlemail.com>
4
Dmitry Vasiliev <dima@hlabs.org>
4
mtakahashi-ivi <mtakahashi@yourinventit.com>
4
Tuure Laurinolli <tuure.laurinolli@portalify.com>
4
Martin Sumner <martin.sumner@adaptip.co.uk>
4
Theo Bot <theo.bot@proxy.nl>
4
Harald Lapp <harald.lapp@gmail.com>
4
Paul Barry <paul.barry@temetra.com>
4
Pablo Vieytes <pablo.vb80@gmail.com>
4
mine name <ae10b057@hotmail.com>
4
jerryjyuan <jerryjyuan@yahoo.com>
4
Quentin ADAM <quentin.adam@waxzce.org>
4
Tyler Hannan <tyler@basho.com>
4
liuhuan123 <liuhuan123123123@yahoo.com>
4
Amos Shapira <amos.shapira@gmail.com>
4
Brian Knox <briank@talksum.com>
4
jshoffstall <jshoffstall@basho.com>
4
Drew Pirrone-Brusse <dpirrone-brusse@basho.com>
4
Sam Lang <samlang@gmail.com>
4
Gustav Gennrich <ggennrich@gmail.com>
4
Paul Rogers <riak@dingosky.com>
4
SKester <skester@weather.com>
4
Eric Boyer <eric.boyer@firmex.com>
4
Bryce <bryceverdier@gmail.com>
4
Dhananjay Nene <dhananjay.nene@gmail.com>
4
Viable Nisei <vsnisei@gmail.com>
4
qaspar <snooper77@gmail.com>
5
Daniel Gerep <daniel@planobe.com.br>
5
catchme <lhariharan@hotmail.com>
5
Artem Kozarezov <artemciy@gmail.com>
5
"Sajner, Daniel G" <dsajner@cas.org>
5
flavio ishii <flavio.ishii@gmail.com>
5
Daniel Rathbone <dan.rathbone@gmail.com>
5
Jesse Newland <jesse@railsmachine.com>
5
Sean O'Connor <sean@focuslab.io>
5
Carlo Pires <carlopires@gmail.com>
5
"Sati, Mohit" <Mohit.Sati@ask.com>
5
Nickolay Platonov <nickolay8@gmail.com>
5
Suman Kumar <sumankumar@freshdesk.com>
5
Richard Heycock <rgh@roughage.com.au>
5
Fred Grim <fgrim@vmware.com>
5
Roger Diller <roger@flexrentalsolutions.com>
5
Nika Abramova <ni4ca@hotmail.com>
5
Todd Lumley <todd@thesolutionstudio.com>
5
Justin <tcpandip@gmail.com>
5
Andrew Fisher <andrew@jbadigital.com>
5
khyqo <kiko_cy@yahoo.com>
5
Scott Hyndman <scott@blutrumpet.com>
5
Ori Bar <ori.bar@nivertech.com>
5
Xiaoming Gao <mkobie@gmail.com>
5
ks <ksafonov@rutarget.ru>
5
Dave Rusek <drusek@basho.com>
5
Jebu Ittiachen <jebu@jebu.net>
5
Istvan Soos <istvan.soos@gmail.com>
5
DeadZen <deadzen@deadzen.com>
5
Taufan Adhitya <toopay@taufanaditya.com>
5
kg9020 <kg9020@gmail.com>
5
Nathan Wilken <wilken@asu.edu>
5
Amol Rajoba <amolrajoba@gmail.com>
5
Morten Siebuhr <sbhr+lists@sbhr.dk>
5
finkle mcgraw <finklemcgraw@gmail.com>
5
riakuser01 <jethrorevill@hotmail.com>
5
Carlos Baquero <cbm@di.uminho.pt>
5
Jon Brisbin <jon.brisbin@npcinternational.com>
5
Alex toyer <anotherworldofworld@gmail.com>
5
Tin Le <tin@le.org>
5
Ilyushonak Barys <barys_ilyushonak@troika.ru>
5
Zsolt Laky <zsolt.laky@lamardan.com>
5
Steve Hull <steve@taskrabbit.com>
5
Bryan Nagle <bryan.nagle@liquidanalytics.com>
5
Georgi Ivanov <ivanov@vesseltracker.com>
5
Arnaud Wetzel <arnaud.wetzel@gmail.com>
5
Max Vernimmen <m.vernimmen@comparegroup.eu>
5
David Parfitt <dparfitt@basho.com>
5
Joshua Muzaaya <joshmuza@gmail.com>
5
kurt campher <campherkurt2@gmail.com>
5
Daniel Woo <daniel.y.woo@gmail.com>
5
J T <jt4websites@googlemail.com>
5
"Lars J. Nilsson" <lars.j.nilsson@cubeia.com>
5
Weston Jossey <weston.jossey@gmail.com>
5
"성동찬_Chan" <chan@kakao.com>
5
Mohammad Shariq <shariqnitt@gmail.com>
5
James Martin <jmartin@basho.com>
5
Claus Guttesen <kometen@gmail.com>
5
Doug Tangren <d.tangren@gmail.com>
5
Nabil Hassein <nabil@betterpath.com>
5
Denis Zhdanov <denis.zhdanov@gmail.com>
5
Julian <jpellico@gmail.com>
5
Arun Gupta <arun.gupta@gmail.com>
5
Chris Dawson <xrdawson@gmail.com>
5
"Chung-Hung (Walter) Tsai" <waltertsai@gmail.com>
5
Vamsi Krishna <vamsi.skrishna@gmail.com>
5
Joe Jenson <jensonj01@yahoo.co.uk>
5
Oved Machlev <omachlev@interwise.com>
5
Heinz Nikolaus Gies <heinz@licenser.net>
5
Adam Lindsay <atl@alum.mit.edu>
5
"Paweł Królikowski" <rabbbit@gmail.com>
5
Mark Volkmann <r.mark.volkmann@gmail.com>
5
Henning Verbeek <hankipanky@gmail.com>
5
alexander krohn <riak@systemstart.net>
5
Bryan <bryan@go-factory.net>
5
Sreejith K <sreejithemk@gmail.com>
5
Yury Dorofeev <u.dorofeev@gmail.com>
5
Mark Jones <MJones@imagehawk.com>
5
Jean-Baptiste Barth <jeanbaptiste.barth@gmail.com>
5
"N. Tucker" <ntucker-ml-riak-users@august20th.com>
5
Mike Nathe <mnathe@fathom-i.com>
5
sxin <hs_sxin@yeah.net>
5
Jeremy Bornstein <jeremy@jeremy.org>
5
Bip Thelin <bip@kivra.com>
5
Chris Corbyn <chris@w3style.co.uk>
5
Chad DePue <chad@inakanetworks.com>
5
"Mattias Sjölinder" <mattias@sjolinder.se>
5
Silasi Stefan <silasistefan@gmail.com>
5
Gints <gints.gailitis@gmail.com>
5
darkchanter <omsecmsn@hotmail.com>
5
Zhemzhitsky Sergey <Sergey_Zhemzhitsky@troika.ru>
5
Charl Matthee <charl@ntrippy.net>
5
Victor <Victor@boirefillergroup.com>
5
Patrik Sundberg <patrik.sundberg@gmail.com>
5
Odelon Miranda <odie.miranda@gmail.com>
5
akonsu <akonsu@gmail.com>
6
Marc Campbell <marc@look.io>
6
Colin Surprenant <colin.dmz@gmail.com>
6
Martin Alpers <martin-alpers@web.de>
6
"Marcel Müller" <marcel.mueller@mlvv.de>
6
"Evans, Matthew" <mevans@verivue.com>
6
Roman Shestakov <roman.shestakov@gmail.com>
6
Thomas Stein <himbeere@meine-oma.de>
6
Mark Richard Thomas <mark.thomas@equifax.com>
6
"Gints Gailītis" <gints.gailitis@gmail.com>
6
Jeffrey Eliasen <jeff@jke.net>
6
Wolf Iem <wolfiem@gmail.com>
6
Adam Schepis <adam.schepis@gmail.com>
6
Mark Wolfe <mark@wolfe.id.au>
6
Pat Lynch <plynch1976@hotmail.com>
6
Darren Govoni <darren@ontrenet.com>
6
Jason W <jason.w.prog@gmail.com>
6
Malka Feldman <malkaf@3basegroup.com>
6
Roberto Aloi <prof3ta@gmail.com>
6
Christian Dahlqvist <christian@whitenode.com>
6
Paul Armstrong <riak@otoh.org>
6
Mikhail Kuznetsov <kuznetsov.m.yu@gmail.com>
6
Ahmed Al-Saadi <thaterlangguy@gmail.com>
6
Tim Ariyeh <tariyeh@softlayer.com>
6
Pavel Kirienko <pavel.kirienko.list@gmail.com>
6
wilson Tuladhar <mailwilson007@gmail.com>
6
Michael Jakl <development@semanticlabs.at>
6
Sebastian Gerlach <sebastian.gerlach@immonet.de>
6
Yassen Damyanov <yassen.tis@gmail.com>
6
Sam Tingleff <sam@tingleff.com>
6
Stanislav Vlasov <stanislav.v.v@gmail.com>
6
Joel Pitt <joel@netempathy.com>
6
Marco Monteiro <marco@textovirtual.com>
6
dilip kumar <dilip_nutakki@yahoo.co.in>
6
Geeth Narayanan <gnarayan1@gmail.com>
6
"Mark Boyd ソフトウェア 建築家" <BoydMR@ldschurch.org>
6
Michael Dillon <mdillon-pf@pagefreezer.com>
6
Dave Barnes <dbarnes001@gmail.com>
6
sergey <lunserv@gmail.com>
6
superstructor <isaac.johnston@joukou.com>
6
Robert Leftwich <riak@rtl.fmailbox.com>
6
Alex Thompson <godfoder@acis.ufl.edu>
6
bill robertson <billrobertson42@gmail.com>
6
Jay Adkisson <j4yferd@gmail.com>
6
Phil Stanhope <stanhope@gmail.com>
6
Lucas Di Pentima <lucas@di-pentima.com.ar>
6
HARLOW Peter <peter.harlow@thalesgroup.com>
6
Hristo Asenov <hristo.s.asenov@gmail.com>
6
Marc Worrell <marc@worrell.nl>
6
Christopher Meiklejohn <christopher.meiklejohn@gmail.com>
6
Shrikar archak <shrikar84@gmail.com>
6
gunin@mail.mipt.ru
6
Dietrich Featherston <dietrich.featherston@gmail.com>
6
Christian Rosnes <christian.rosnes@gmail.com>
6
vvsanil <vvsanilkumar@gmail.com>
6
Misha Gorodnitzky <misaka@pobox.com>
6
Jan Buchholdt <jbu@trifork.com>
6
Paul Rogers <paul@riakrest.com>
6
Antonio Ye <antonioye@gmail.com>
6
Kartik Thakore <thakore.kartik@gmail.com>
6
Vicky Khanna <vicky.khanna@position2.com>
6
Andre Lohmann <lohmann.andre@gmail.com>
6
joe dude <mipito0610@yahoo.com>
6
markrthomas <mark.thomas@equifax.com>
6
Alek Morfi <alek.morfi@gmail.com>
6
"Kevin A. Smith" <kevin@hypotheticalabs.com>
6
Anita Wong <anita.wong@talkboxapp.com>
6
Duff OMelia <duff@omelia.org>
6
Deyan Dyankov <dyankov@cloudxcel.com>
6
Claudio Cesar Sanchez Tejeda <demonccc.y@gmail.com>
6
Kyle Kingsbury <aphyr@aphyr.com>
6
Scott Lystig Fritchie <slfritchie@snookles.com>
6
Jeppe Toustrup <jeppe@falconsocial.com>
6
Tony Novak <tony@dapper.net>
6
Benoit Chesneau <bchesneau@gmail.com>
6
Mikhail Tyamin <mikhail.tiamine@gmail.com>
6
kpandey <kumar.pandey@gmail.com>
6
Shawn Debnath <shawn@debnath.net>
6
Bogunov <bogunov@gmail.com>
6
Greg Steffensen <greg.steffensen@gmail.com>
6
Morgan Segalis <msegalis@gmail.com>
6
Brian Kaney <brian@vermonster.com>
6
Stephen Day <stevvooe@gmail.com>
6
Wu Ray <mjollnir.ray@gmail.com>
7
Joseph Blomstedt <Joseph.Blomstedt@gmail.com>
7
Christian Steinmann <christian.steinmann77@gmail.com>
7
Todd Tyree <todd@basho.com>
7
Dimitry D <legato.di@gmail.com>
7
Artem Golovinsky <artemgolovinsky@gmail.com>
7
Shashwat Srivastava <darklrd@gmail.com>
7
Pablo Chacin <pablochacin@gmail.com>
7
mdr <monosij.forums@gmail.com>
7
Ray Cote <rgacote@appropriatesolutions.com>
7
John Kavanagh <john@kavanista.com>
7
matthew hawthorne <mhawthorne@gmail.com>
7
Jeff Thompson <mythrndr@gmail.com>
7
Nicholas Young <nicholas@nicholaswyoung.com>
7
Michael Colussi <mcolussi@gmail.com>
7
Shuhao Wu <shuhao@shuhaowu.com>
7
Pavan Venkatesh <pvenkatesh@basho.com>
7
Vincenzo Vitale <vincenzo.vitale@gmail.com>
7
"Siddhu Warrier (siwarrie)" <siwarrie@cisco.com>
7
Greg Burd <greg@basho.com>
7
Brian Shumate <bshumate@basho.com>
7
Gabriel Littman <gabe@connectv.com>
7
Praveen Baratam <praveen.baratam@gmail.com>
7
Spike Gronim <spike@wavii.com>
7
Ben Browning <ben324@gmail.com>
7
Wilson Tuladhar <mailwilson007@gmail.com>
7
Vladimir Shabanov <vshabanoff@gmail.com>
7
Gopi Krishna <gopi@lintelindia.com>
7
Jeremy Ong <jeremy@playmesh.com>
7
shaharke <shahar@bigpandamedia.com>
7
gibraltar <clgibraltar@gmail.com>
7
Belai Beshah <belai.beshah@nwgeo.com>
7
Bogdan Flueras <flueras.bogdan@gmail.com>
7
Matt Painter <matt@deity.co.nz>
7
"Valenti, Anthony" <Anthony.Valenti@inmar.com>
7
Alex Millar <alex@gobonfire.com>
7
Troy Melhase <troy@troy.io>
7
Nils Petersohn <post@berlin.de>
7
Jonathan Lee <jonjlee@gmail.com>
7
Sven Riedel <sven.riedel@scoreloop.com>
7
Pandiarajan Subramani <PSubramani@americanlogistics.com>
7
Ahmed Bashir <ahmed.m.bashir@gmail.com>
7
Orlin Bozhinov <om@soundsapiens.com>
7
Saurabh Sehgal <saurabh.r.s@gmail.com>
7
vuleetu <vuleetu@gmail.com>
7
Bhuwan Chawla <bhuwan@zanthos.com>
7
Doug Read <doug.read@qnary.com>
7
James Moore <james.moore@tapjoy.com>
7
Peter Fales <Peter.Fales@alcatel-lucent.com>
7
Drew Goya <drew@gradientx.com>
7
Charles Blair <chas@uchicago.edu>
7
Harshal Dhir <Harshal.Dhir@solutionset.com>
7
Nam Nguyen <nam@tinyco.com>
7
Jan Metzner <jan.metzner@gmail.com>
7
Kartik Thakore <kthakore@scratchd.ca>
7
Georgio Pandarez <georgiopandarez@gmail.com>
7
Cagdas Tulek <ctulek@gmail.com>
7
Tyler Smart <tyleresmart@gmail.com>
8
Gareth Stokes <gareth@betechnology.com.au>
8
Leonid Riaboshtan <perfecthumanorama@gmail.com>
8
Wagner Camarao <wagner@crunchbase.com>
8
Rapsey <rapsey@gmail.com>
8
Pablo Borges <pablort@gmail.com>
8
Jonah Crawford <jonah@microgridsystems.com>
8
Chris Hicks <silent_vendetta@hotmail.com>
8
Gideon de Kok <gideondk@me.com>
8
Tom Lanyon <tom+riak@oneshoeco.com>
8
Mark Jarecki <mjarecki@bigpond.net.au>
8
Nick Tune <nick.tune@7digital.com>
8
Lev Walkin <vlm@lionet.info>
8
"Kirill A. Korinskiy" <catap+riak@catap.ru>
8
Jimmy Ho <jho@jimmyho.com>
8
Yuri Lukyanov <snaky@aboutecho.com>
8
Simon Majou <simon@majou.org>
8
Mridul Kashatria <mridul@readwhere.com>
8
Jim Adler <jadler@intelius.com>
8
Stephen Allred <stephenallred@stevesmiscellany.com>
8
Ishwar <ishwarsridharan@yahoo.com>
8
Geoff Garbers <geoff@totalsend.com>
8
TuX RaceR <tuxracer69@gmail.com>
8
Alexander Moore <moore.alex@gmail.com>
8
Derek Sanderson <zapphutz@gmail.com>
8
Siraaj Khandkar <siraaj@khandkar.net>
8
Martin Streicher <martin.streicher@locomotivellc.com>
8
Luc Perkins <lperkins@basho.com>
8
Abhinav Singh <abhinavsingh@ymail.com>
8
Tony Bussieres <t.bussieres@gmail.com>
8
Yehuda Zargrov <Yehuda@conduit.com>
8
gbrits <gbrits@gmail.com>
8
Alexander Robbins <alex@languagecomputer.com>
8
Shunichi Shinohara <shino@basho.com>
8
Jan.Evangelista@seznam.cz
8
Lucas Grijander <lucasgrinjander69@gmail.com>
8
Thomas Fee <gasbeing@gmail.com>
8
Vlad Gorodetsky <v@gor.io>
8
Anton Khalikov <anton@khalikov.ru>
8
Justin Long <justinlong@outlook.com>
8
Gregory Haskins <gregory.haskins@gmail.com>
8
prog112 <prog112@gmail.com>
8
Mohan Radhakrishnan <radhakrishnan.mohan@gmail.com>
8
Tim Haines <tmhaines@gmail.com>
8
John Caprice <jcaprice@basho.com>
8
James Sadler <freshtonic@gmail.com>
8
Brian Rowe <rowe@muxspace.com>
8
Anton Podviaznikov <podviaznikov@gmail.com>
8
fenix.serega@gmail.com
8
Carl <async17@hotmail.com>
8
John Hornbeck <hornbeck@basho.com>
8
Vahric Muhtaryan <vahric@gmail.com>
9
"Matthew A. Brown" <mat.a.brown@gmail.com>
9
Nirav Shah <niravishah@yahoo.com>
9
"Sapre, Meghna A" <meghna.a.sapre@intel.com>
9
Maria Neise <maria.neise1@googlemail.com>
9
Matthew Revell <mrevell@basho.com>
9
Vlatko Basic <vlatko.basic@gmail.com>
9
Ryan Maclear <ryan@lambdasphere.com>
9
Giri Iyengar <giri.iyengar@sociocast.com>
9
Brett Hoerner <brett@bretthoerner.com>
9
Jay Doane <jay.s.doane@gmail.com>
9
Lucas Cooper <bobobo1618@gmail.com>
9
Bob Feldbauer <bob@completefusion.com>
9
Richard Heycock <rgh@topikality.com>
9
Thomas Burdick <tburdick@wrightwoodtech.com>
9
Joel Meyer <joel.meyer@gmail.com>
9
ivenhov <iwan.daniel@gmail.com>
9
Sean Allen <sean@monkeysnatchbanana.com>
9
Jimmy Thrasher <jimmy@groopd.com>
9
Howard Chu <hyc@symas.com>
9
Simon Hartley <Simon.Hartley@williamhill.com>
9
Karsten Thygesen <karthy@netic.dk>
9
Jeroen van Dijk <jeroentjevandijk@gmail.com>
9
Engel Sanchez <engel@basho.com>
9
wde <wde@free.fr>
9
Phil Sorber <phil@omniti.com>
9
Alan McKean <alanmckean@me.com>
9
Xiaopong Tran <xiaopong.tran@gmail.com>
9
Idan Shinberg <idan.shinberg@idomoo.com>
9
Metin Akat <akat.metin@gmail.com>
9
"Julio Cesar Ríos Gutierrez" <jctaurys@gmail.com>
9
Paul O <pcotec@gmail.com>
9
Rexxe <rexxe98@gmail.com>
9
heffergm <heffergm@gmail.com>
9
Sanjeev Neelarapu <sanjeev.neelarapu@citrix.com>
9
Julien Genestoux <julien.genestoux@gmail.com>
9
Gal Barnea <gal@eyeviewdigital.com>
9
Anton <theatilla@gmail.com>
9
Andrew Tynefield <atynefield@gmail.com>
9
Roberto Calero <roberto_calero@hotmail.com>
9
John Le Drew <jp@antz29.com>
9
Ryan Caught <rcaught@gmail.com>
9
Rajat Mathur <rajatmathurr@gmail.com>
9
Pedram Nimreezi <mc@majorcomputing.com>
9
"Mark A. Basil, Jr." <mark@badarmadillo.com>
9
Tom Santero <tsantero@gmail.com>
9
tele <tele@rhizomatica.org>
9
Keith Dreibelbis <kdreibel@gmail.com>
9
ayush mishra <ayushmishra2005@gmail.com>
9
Alvaro Videla <videlalvaro@gmail.com>
10
Lei Gu <legu@e-dialog.com>
10
Michael Klishin <michael.s.klishin@gmail.com>
10
"B. Todd Burruss" <bburruss@real.com>
10
Scott Gonyea <scott@aitrus.org>
10
Shuhao <shuhao@shuhaowu.com>
10
Samuel Elliott <sam@lenary.co.uk>
10
Adam Hunter <adamhunter@me.com>
10
Dan Young <danoyoung@gmail.com>
10
Richard Bucker <richard@bucker.net>
10
Ivan Trajkovic <ivan.ebiz@gmail.com>
10
Mark Rose <markrose@markrose.ca>
10
Alexandre Conrad <alexandre.conrad@gmail.com>
10
Paul Jones <pauljones23@gmail.com>
10
"郎咸武" <langxianzhe@163.com>
10
Allen Kim <allen.kim@epicadvertising.com>
10
Charles Bijon <bijon.charles@gmail.com>
10
Jason Tanner <jt4websites@googlemail.com>
10
David Greenstein <dave@collaborate.com>
11
Sean McKibben <graphex@graphex.com>
11
Charlie Bowman <charlesmbowman@gmail.com>
11
Kyle Quest <kcq.lists@gmail.com>
11
bryan hunt <bhunt@basho.com>
11
Igor Karymov <ingham.k@gmail.com>
11
Uruka Dark <urukadark@gmail.com>
11
Louis-Philippe Perron <lpperron@gmail.com>
11
"Swinney, Austin" <Austin@vimeo.com>
11
Charlie Voiselle <cvoiselle@basho.com>
11
Bryan O'Sullivan <bos@mailrank.com>
11
rsb <cnasillo@gmail.com>
11
Ari King <ari.brandeis.king@gmail.com>
11
Kartik Thakore <kthakore@aimed.cc>
11
Guido Medina <lic_gma@hotmail.com>
11
John Roy <john@thoughtleadr.com>
11
Ken Perkins <ken@clipboard.com>
11
siculars@gmail.com
11
Ciprian Dorin Craciun <ciprian.craciun@gmail.com>
11
Chad Engler <Chad.Engler@patlive.com>
11
Madireddy Samuel Vijaykumar <mad.vijay@gmail.com>
11
Allen Landsidel <landsidel.allen@gmail.com>
11
Matthew Heitzenroder <mheitzenroder@gmail.com>
11
Alan McConnell <alanmc@swingvine.com>
11
thefosk <marco@mashape.com>
11
kser <kong_hoi@hotmail.com>
12
Mojito Sorbet <mojitotech@gmail.com>
12
Dave King <djking@gmail.com>
12
Martin Woods <mw2134@gmail.com>
12
Adron Hall <adron@basho.com>
12
Jason Ryan <jason.ryan@trustev.com>
12
Massimiliano Ciancio <massimiliano@ciancio.net>
12
Valter Balegas <balegas@gmail.com>
12
Alain Rodriguez <alain@uber.com>
12
Callixte Cauchois <ccauchois@virtuoz.com>
12
Matt Ranney <mjr@ranney.com>
12
"Chenini, Mohamed" <MChenini@geico.com>
12
Steve Webb <swebb@gnip.com>
12
John DeTreville <john@detreville.org>
12
Ian Ha <ian@blutrumpet.com>
12
Soren Hansen <soren@linux2go.dk>
12
Craig Muth <craig@homerun.com>
12
Andy Skelton <skeltoac@gmail.com>
12
"Nicolas Fouché" <nicolas@silentale.com>
12
Ted Karmel <ted.karmel@gmail.com>
12
Hal Eisen <eisen@dunhackin.org>
12
Ken Sedgwick <ksedgwic@bonsai.com>
12
Bryce Kerley <bryce@basho.com>
12
Dave Parfitt <dparfitt@basho.com>
12
Lee Sylvester <lee.sylvester@gmail.com>
13
Roland Karlsson <roland.karlsson@erlang-solutions.com>
13
Brad Heller <brad@cloudability.com>
13
Brett Hazen <brett@basho.com>
13
"Andrey V. Martyanov" <realduke@gmail.com>
13
Matthew Dawson <matthew@mjdsystems.ca>
13
suresh chandran <sureshcnair@yahoo.com>
13
stewart mackenzie <setori88@gmail.com>
13
Chaim Solomon <chaim@itcentralstation.com>
13
Age Mooij <age.mooij@gmail.com>
13
Bryan Hughes <bryan@go-factory.net>
13
Lyes zaiko <lyesjob@gmail.com>
13
Tom Zeng <tom@intridea.com>
13
Jorge Garrido <jorge.garrido@morelosoft.com>
13
David James <davidcjames@gmail.com>
13
Matthew MacClary <macclary@lifetime.oregonstate.edu>
13
jeffrey k eliasen <jeff@jke.net>
13
EmiNarcissus <eminarcissus@me.com>
13
"John D. Rowell" <me@jdrowell.com>
13
Cosmin Marginean <cosminaru@gmail.com>
13
Alexander Ilyin <alexander@rutarget.ru>
13
Paul Walk <paul@paulwalk.net>
13
claudef@br.ibm.com
14
Brian Hammond <brian@brianhammond.com>
14
Ildar Alishev <ildaralishev@gmail.com>
14
Giancarlo Frison <gfrison@chelab.com>
14
Thomas Santero <tsantero@basho.com>
14
Andres Jaan Tack <andres.jaan.tack@eesti.ee>
14
Brady Wetherington <brady@bespincorp.com>
14
Eric Fong <ericff@gmail.com>
14
John Loehrer <jloehrer@gaiaonline.com>
14
Steve Warren <swarren@myvest.com>
14
Brian Akins <brian@akins.org>
14
Sean Cribbs <seancribbs@gmail.com>
14
Nitish Sharma <sharmanitishdutt@gmail.com>
14
David Weldon <dweldon@gmail.com>
14
Alin Popa <alin.popa@gmail.com>
14
Bryan Hughes <bryan@wobblesoft.com>
14
David Dawson <david.dawson@gmail.com>
14
Rune Skou Larsen <rsl@trifork.com>
14
Preston Marshall <preston@synergyeoc.com>
15
Colin Surprenant <colin.surprenant@gmail.com>
15
"José Ghislain Quenum" <jose.quenum@googlemail.com>
15
Naveen Tamanam <naveen32india@gmail.com>
15
Ryan Zezeski <ryan@zinascii.com>
15
Jonathan Lee <jonathan_lee@comcast.com>
15
Y N <yug3sh@yahoo.com>
15
Jeremy Ong <jeremy@quarkgames.com>
15
Abeming Sf <abeming.sf@gmail.com>
15
David Mitchell <David.Mitchell@IXICorp.com>
15
Anand Hegde <anandghegde@gmail.com>
15
Zabrane Mickael <zabrane3@gmail.com>
15
rkevinburton@charter.net
15
Rob Speer <rob@luminoso.com>
15
Michael Clemmons <glassresistor@gmail.com>
15
Runar Jordahl <runar.jordahl@gmail.com>
15
Jeffrey Massung <jeff@basho.com>
15
Ivaylo Panitchkov <ipanitchkov@hibernum.com>
16
Eric Gaumer <egaumer@gmail.com>
16
Joe Caswell <jcaswell@basho.com>
16
Andrew Stone <astone@basho.com>
16
Armon Dadgar <armon.dadgar@gmail.com>
16
Tim Robinson <tim@blackstag.com>
16
John Lynch <john@rigelgroupllc.com>
16
Michael Johnson <mj@mediatemple.net>
16
Ciprian Manea <ciprian@basho.com>
16
Muhammad Yousaf <muhammad.yousaf@live.com>
16
Zheng Zhibin <witeman.g@gmail.com>
16
charles@contentomni.com
16
Seth Falcon <seth@userprimary.net>
17
Konstantin Kalin <konstantin.kalin@gmail.com>
17
Jens Rantil <jens.rantil@telavox.se>
17
Paul Gross <pgross@gmail.com>
17
Wes James <comptekki@gmail.com>
17
Ryan Tilder <rtilder@basho.com>
17
Richard Shaw <richard@basho.com>
17
Gavin Huang <shuminghuang@gmail.com>
17
Olav Frengstad <olav@fwt.no>
17
Andrea Campolonghi <acampolonghi@gmail.com>
17
Jeff Peck <jeffp@tnrglobal.com>
17
Timothy Perrett <timothy@getintheloop.eu>
17
Kaspar Thommen <kaspar.thommen@gmail.com>
17
Jason Campbell <xiaclo@xiaclo.net>
17
"Fredrik Lindström" <Fredrik.Lindstrom@qbranch.se>
18
TJ Ninneman <tj@twopeasinabucket.com>
18
Mat Ellis <mat@tecnh.com>
18
Jacques <whshub@gmail.com>
18
Will Moss <wmoss@bu.mp>
18
Alex Moore <amoore@basho.com>
18
Matthew Pflueger <matthew.pflueger@gmail.com>
19
Parnell Springmeyer <ixmatus@gmail.com>
19
Ben Tilly <btilly@gmail.com>
19
Steve Vinoski <steve@basho.com>
19
"Effenberg, Simon" <seffenberg@team.mobile.de>
19
Abhishek Kona <abhishek.kona@gmail.com>
19
Justin Karneges <justin@affinix.com>
19
Vladimir Shapovalov <shapovalov@gmail.com>
19
Michael Radford <mrad@blorf.com>
19
Godefroy de Compreignac <godefroy@eklablog.com>
19
Nate Lawson <nate@root.org>
20
Jeff Pollard <jeff.pollard@gmail.com>
20
Jeff Kirkell <jeff.kirkell@gmail.com>
20
"郎咸武" <langxianzhe@gmail.com>
20
niedomnie <niedomnie@gmail.com>
20
Gary William Flake <gary@flake.org>
20
Guy Morton <Guy.Morton@bksv.com>
20
Kev Burns <kevburnsjr@gmail.com>
20
Ebbinge <edwinpanadero@gmail.com>
20
Bob Ippolito <bob@redivi.com>
20
Martin Streicher <martin.streicher@gmail.com>
21
Daniel Reverri <dan@basho.com>
21
mss@mawhrin.net (Mikhail Sobolev)
21
Bryce Verdier <bryceverdier@gmail.com>
21
Fyodor Yarochkin <fyodor.y@armorize.com>
21
Dietrich Featherston <d@d2fn.com>
21
Mark Steele <msteele@beringmedia.com>
21
kamiseq <kamiseq@gmail.com>
21
"John E. Vincent" <lusis.org+riak-users@gmail.com>
22
Prometheus WillSurvive <prometheus.willsurvive@gmail.com>
22
Yang Zhenguo <yangzhenguo@gmail.com>
22
Keith Bennett <keith.bennett@lmnsolutions.com>
22
vijayakumar <forgetvijay@gmail.com>
22
Sangeetha.PattabiRaman2@cognizant.com
23
David Lowell <dave@go2ctv.com>
23
Santi Kumar <santi@veradocs.com>
23
Tuncer Ayaz <tuncer.ayaz@gmail.com>
23
Senthilkumar Peelikkampatti <senthilkumar.peelikkampatti@gmail.com>
23
Chris Read <chris.read@gmail.com>
24
Sylvain Niles <sylvain.niles@gmail.com>
24
John Axel Eriksson <john@insane.se>
24
raghwani sohil <sohil4you@gmail.com>
25
Sean Carey <carey@basho.com>
25
Seth Thomas <sthomas@basho.com>
25
Jim Adler <jim.adler@comcast.net>
25
Timo Gatsonides <tpjg@me.com>
25
Alexander Popov <mogadanez@gmail.com>
25
Andrew Zeneski <andrew@andrewzeneski.com>
26
Paul Ingalls <paul@fanzo.me>
26
Sam Elliott <sam.elliott@basho.com>
26
Pavel Kogan <pavel.kogan@cortica.com>
26
kzhang <kzhang@wayfair.com>
26
Kota Uenishi <kota@basho.com>
27
David Leimbach <leimy2k@gmail.com>
27
Joshua Partogi <joshua.java@gmail.com>
27
Venki Yedidha <venkatesh.yedidha@gmail.com>
27
Scott Lystig Fritchie <fritchie@snookles.com>
27
Chris Meiklejohn <cmeiklejohn@basho.com>
28
Dave Martorana <dave@flyclops.com>
28
"István" <leccine@gmail.com>
28
"Erik Søe Sørensen" <ess@trifork.com>
28
Deepak Balasubramanyam <deepak.balu@gmail.com>
28
Neville Burnell <neville.burnell@gmail.com>
29
idmartin <idmcraft@gmail.com>
29
Joseph Lambert <joseph.g.lambert@gmail.com>
29
Yousuf Fauzan <yousuffauzan@gmail.com>
30
Matthew Tovbin <matthew@tovbin.com>
30
Ryan Zezeski <rzezeski@gmail.com>
31
Ian Plosker <ian@basho.com>
31
Sebastian Cohnen <sebastian.cohnen@gmail.com>
31
Daniil Churikov <ddosia@gmail.com>
32
"Mårten Gustafson" <marten.gustafson@gmail.com>
32
Mathias Meyer <meyer@paperplanes.de>
32
Zubair Quraishi <zubairq@gmail.com>
32
Sargun Dhillon <sargun@sargun.me>
32
Joseph Blomstedt <joe@basho.com>
33
Dan Reverri <reverri@gmail.com>
34
Andy Gross <andy@basho.com>
35
Greg Pascale <greg@clipboard.com>
35
Greg Nelson <grourk@dropcam.com>
35
Mike Stoddart <stodge@gmail.com>
35
Toby Corkindale <toby@dryft.net>
36
Tom Santero <tsantero@basho.com>
36
Alex Rice <alex@mindlube.com>
37
Brian Sparrow <bsparrow@basho.com>
38
Norman Khine <norman@khine.net>
38
Mathias Meyer <mathias@basho.com>
39
Jordan West <jwest@basho.com>
39
Dave Brady <dbrady@weborama.com>
40
Greg Stein <gstein@gmail.com>
41
Ingo Rockel <ingo.rockel@bluelionmobile.com>
42
Shuhao Wu <admin@thekks.net>
44
Oleksiy Krivoshey <oleksiyk@gmail.com>
44
Gordon Tillman <gtillman@mezeo.com>
47
Shane McEwan <shane@mcewan.id.au>
48
Andrew Berman <rexxe98@gmail.com>
49
Buri Arslon <buriwoy@gmail.com>
49
Germain Maurice <germain.maurice@linkfluence.net>
49
Grant Schofield <grant@basho.com>
49
"Jason J. W. Williams" <jasonjwwilliams@gmail.com>
51
Edgar Veiga <edgarmveiga@gmail.com>
53
Matt Black <matt.black@jbadigital.com>
53
Antonio Rohman Fernandez <rohman@mahalostudio.com>
53
David Montgomery <davidmontgomery@gmail.com>
53
Dmitri Zagidulin <dzagidulin@basho.com>
55
Dmitry Demeshchuk <demeshchuk@gmail.com>
55
Russell Brown <russell.brown@mac.com>
55
OJ Reeves <oj@buffered.io>
58
Simon Effenberg <seffenberg@team.mobile.de>
60
Russell Brown <russelldb@basho.com>
61
Mike Oxford <moxford@gmail.com>
61
Toby Corkindale <toby.corkindale@strategicdata.com.au>
64
Daniel Iwan <iwan.daniel@gmail.com>
65
Eric Moritz <eric@themoritzfamily.com>
66
Nico Meyer <nico.meyer@adition.com>
66
Anthony Molinaro <anthonym@alumni.caltech.edu>
67
Jon Brisbin <jon@jbrisbin.com>
68
Christopher Meiklejohn <cmeiklejohn@basho.com>
69
Aphyr <aphyr@aphyr.com>
73
Christian Dahlqvist <christian@basho.com>
73
Jeremy Raymond <jeraymond@gmail.com>
75
Wilson MacGyver <wmacgyver@gmail.com>
75
Kresten Krab Thorup <krab@trifork.com>
83
Les Mikesell <lesmikesell@gmail.com>
85
Kelly McLaughlin <kelly@basho.com>
85
Reid Draper <reiddraper@gmail.com>
86
John Daily <jdaily@basho.com>
87
Kevin Smith <ksmith@basho.com>
89
Hector Castro <hector@basho.com>
92
Jon Meredith <jmeredith@basho.com>
102
Andrew Thompson <andrew@hijacked.us>
102
Alex De la rosa <alex.rosa.box@gmail.com>
102
Elias Levy <fearsome.lucidity@gmail.com>
104
Eric Redmond <eredmond@basho.com>
107
Evan Vigil-McClanahan <emcclanahan@basho.com>
112
Jonathan Langevin <jlangevin@loomlearning.com>
118
Rusty Klophaus <rusty@basho.com>
123
Russell Brown <russell.brown@me.com>
126
francisco treacy <francisco.treacy@gmail.com>
131
Brian Roach <roach@basho.com>
139
Guido Medina <guido.medina@temetra.com>
148
Matthew Von-Maszewski <matthewv@basho.com>
150
Luke Bakken <lbakken@basho.com>
152
Bryan Fink <bryan@basho.com>
172
Kevin Burton <rkevinburton@charter.net>
172
Justin Sheehy <justin@basho.com>
176
David Smith <dizzyd@basho.com>
176
Jared Morrow <jared@basho.com>
219
Dan Reverri <dan@basho.com>
236
Ryan Zezeski <rzezeski@basho.com>
262
Alexander Sicular <siculars@gmail.com>
363
Jeremiah Peschka <jeremiah.peschka@gmail.com>
377
Mark Phillips <mark@basho.com>
710
Sean Cribbs <sean@basho.com>
733
Parsing riak-users_lists.basho.com.mbox...
Your process_limit_num is set to 100.
It looks like you're in testing mode.
You may want to increase it to some absurd number to parse the whole file.
-----------------------------------------------------------------------------
| Total messages: 100 from 26 distinct authors |
-----------------------------------------------------------------------------
Benoit Chesneau <bchesneau@gmail.com>
1
francisco treacy <francisco.treacy@gmail.com>
1
Michael McDaniel <riak@autosys.us>
1
Abhay Kumar <abhay@opensynapse.net>
1
Florian Leibert <flo@leibert.de>
1
"jay.s.doane" <jay.s.doane@gmail.com>
1
etnt <kruskakli@gmail.com>
1
etnt <etnt@redhoterlang.com>
1
Bryan Fink <bryan.fink@gmail.com>
1
Jay Doane <jay@almery.com>
1
Jim Tarvid <tarvid@ls.net>
2
Dustin Sallings <dustin@spy.net>
2
Martin Scholl <ms@diskware.net>
2
flavio ishii <flavio.ishii@gmail.com>
2
Aneil Mallavarapu <aneil.mallavar@gmail.com>
3
Jeffrey McManus <jeffreymcmanus@gmail.com>
3
Jay Doane <jay.s.doane@gmail.com>
3
Tuncer Ayaz <tuncer.ayaz@gmail.com>
4
Dhananjay Nene <dhananjay.nene@gmail.com>
4
Andy Gross <andy@basho.com>
5
stewart mackenzie <setori88@gmail.com>
6
Dan Reverri <reverri@gmail.com>
7
Paul Jones <pauljones23@gmail.com>
7
Brian Hammond <brian@brianhammond.com>
9
Bryan Fink <bryan@basho.com>
13
Justin Sheehy <justin@basho.com>
18
Parsing riak-users_lists.basho.com.mbox...
Your process_limit_num is set to 100.
It looks like you're in testing mode.
You may want to increase it to some absurd number to parse the whole file.
-----------------------------------------------------------------------------
| Total messages: 100 from 26 distinct authors |
-----------------------------------------------------------------------------
Parsing riak-users_lists.basho.com.mbox...
Your process_limit_num is set to 100.
It looks like you're in testing mode.
You may want to increase it to some absurd number to parse the whole file.
-----------------------------------------------------------------------------
| Total messages: 100 from 26 distinct authors |
-----------------------------------------------------------------------------
Parsing riak-users_lists.basho.com.mbox...
Your process_limit_num is set to 100.
It looks like you're in testing mode.
You may want to increase it to some absurd number to parse the whole file.
-----------------------------------------------------------------------------
| Total messages: 100 from 26 distinct authors |
-----------------------------------------------------------------------------
